    Finished `dev` profile [unoptimized + debuginfo] target(s) in 0.18s
    Finished `test` profile [unoptimized + debuginfo] target(s) in 0.11s
     Running unittests src/lib.rs (target/debug/deps/muxsmith_cli-0ee7dc9eaca28592)

running 36 tests
test commands::run::tests::a_jump_past_several_thresholds_renders_each_one_in_order ... ok
test commands::run::tests::finished_cancelled_renders_without_duration_or_code ... ok
test commands::run::tests::finished_failed_renders_exit_code ... ok
test commands::run::tests::thresholds_track_independently_per_job_index ... ok
test commands::run::tests::finished_ok_renders_duration ... ok
test commands::run::tests::finished_warning_with_exactly_one_warning_renders_singular ... ok
test commands::run::tests::job_exit_code_folds_worst_state ... ok
test commands::run::tests::summary_line_counts_every_state ... ok
test commands::run::tests::started_line_renders_1_based_index_total_and_output ... ok
test commands::tests::batch_summary_renders_the_plural_form_for_two_or_more_matched_files ... ok
test commands::run::tests::progress_prints_only_at_25_50_75_crossings ... ok
test commands::run::tests::finished_warning_renders_count_and_duration ... ok
test commands::run::tests::warning_and_error_events_render_a_notice_line_with_the_text ... ok
test i18n::tests::message_missing_in_requested_locale_falls_back_per_message ... ok
test i18n::tests::numeric_diagnostic_params_list_is_mirrored_to_ts_side ... ok
test commands::tests::per_file_diagnostics_print_errors_before_warnings ... ok
test commands::run::tests::finished_failed_without_an_exit_code_falls_back_to_n_a ... ok
test commands::validate::tests::summary_renders_the_singular_form_for_exactly_one_of_each_severity ... ok
test commands::run::tests::repeated_or_regressing_percent_does_not_reprint ... ok
test commands::tests::batch_summary_renders_the_singular_form_for_one_matched_file ... ok
test i18n::tests::diagnostic_with_file_includes_the_file_path ... ok
test commands::tests::per_file_diagnostics_do_not_repeat_the_filename_the_header_prints ... ok
test i18n::tests::diagnostic_without_file_omits_it_and_still_renders ... ok
test commands::validate::tests::summary_renders_the_plural_form_for_two_or_more ... ok
test i18n::tests::suggestions_capped_renders_singular_and_plural ... ok
test i18n::tests::invalid_locale_falls_back_to_en_and_renders ... ok
test i18n::tests::suggestion_partition_group_branch_renders_singular_and_plural ... ok
test i18n::tests::unknown_message_id_falls_back_to_raw_id ... ok
test i18n::tests::unknown_property_skew_renders_property_and_versions ... ok
test i18n::tests::unknown_tag_renders_en_chain ... ok
test i18n::tests::suggestion_partition_overflow_branch_renders_singular_and_plural ... ok
test i18n::tests::unsupported_source_primary_variant_renders_exactly_as_before ... ok
test i18n::tests::unsupported_source_donor_variant_names_the_donor_file ... ok
test i18n::tests::de_request_renders_de_message ... ok
test i18n::tests::unsupported_source_kind_omitted_falls_back_to_primary_variant ... ok
test i18n::tests::region_qualified_de_resolves_de_row ... ok

test result: ok. 36 passed; 0 failed; 0 ignored; 0 measured; 0 filtered out; finished in 0.00s

     Running unittests src/main.rs (target/debug/deps/muxsmith-7b8783f3fc9d7f12)

running 0 tests

test result: ok. 0 passed; 0 failed; 0 ignored; 0 measured; 0 filtered out; finished in 0.00s

     Running tests/catalog_completeness.rs (target/debug/deps/catalog_completeness-a5607c889ef18128)

running 4 tests
test every_diag_code_has_a_catalog_message ... ok
test every_diag_code_renders_without_leftover_placeholders ... ok
test every_cli_ftl_key_is_a_diag_code_or_allowlisted ... ok
test invalid_changes_language_diagnostic_renders_without_placeholder_leak ... ok

test result: ok. 4 passed; 0 failed; 0 ignored; 0 measured; 0 filtered out; finished in 0.00s

     Running tests/cli_schema.rs (target/debug/deps/cli_schema-2eb468e6f1c19037)

running 3 tests
test no_args_shows_usage_and_fails ... ok
test keyword_domains_project_as_closed_enums_not_bare_strings ... ok
test schema_prints_json_schema_and_exits_zero ... ok

test result: ok. 3 passed; 0 failed; 0 ignored; 0 measured; 0 filtered out; finished in 0.00s

     Running tests/cli_validate.rs (target/debug/deps/cli_validate-a9cd71cd377cb821)

running 5 tests
test missing_file_is_parse_error_exit_two ... ok
test json_output_is_machine_readable ... ok
test invalid_profile_exits_two_and_renders_messages ... ok
test warnings_only_exits_one ... ok
test valid_profile_exits_zero_with_ok_message ... ok

test result: ok. 5 passed; 0 failed; 0 ignored; 0 measured; 0 filtered out; finished in 0.01s

     Running tests/dry_run_cli.rs (target/debug/deps/dry_run_cli-54d882b8b8c9cf2d)

running 11 tests
test dry_run_json_emits_a_document_on_profile_load_failure ... ok
test dry_run_json_surfaces_config_diagnostics_when_mkvmerge_missing ... ok
test dry_run_json_emits_a_document_when_the_language_query_fails ... ok
test dry_run_human_surfaces_config_diagnostics_when_mkvmerge_missing ... ok
test dry_run_human_mode_surfaces_config_diagnostics_on_a_language_query_failure ... ok
test dry_run_surfaces_config_time_invalid_regex ... ok
test dry_run_human_mode_speaks_on_an_empty_source_dir_instead_of_staying_silent ... ok
test dry_run_plans_a_single_file ... ok
test dry_run_json_diagnostics_all_carry_rendered_text ... ok
test dry_run_json_surfaces_empty_plan_batch_report ... ok
test dry_run_on_collision_flag_overrides_default_error_policy ... ok

test result: ok. 11 passed; 0 failed; 0 ignored; 0 measured; 0 filtered out; finished in 0.29s

     Running tests/run_cli.rs (target/debug/deps/run_cli-8fdc519ddc028141)

running 11 tests
test missing_profile_file_exits_two_before_any_planning ... ok
test run_json_emits_a_document_on_profile_load_failure ... ok
test run_json_surfaces_the_mkvmerge_not_found_document ... ok
test run_json_emits_a_document_when_the_language_query_fails ... ok
test bad_regex_profile_with_missing_mkvmerge_exits_two_without_executing_a_job ... ok
test run_human_mode_surfaces_config_diagnostics_on_a_language_query_failure ... ok
test run_json_on_specs_empty_from_a_bad_regex_still_emits_a_document_with_empty_jobs ... ok
test bad_regex_profile_exits_two_without_executing_a_job ... ok
test run_human_mode_speaks_on_an_empty_source_dir_instead_of_staying_silent ... ok
test run_json_on_specs_empty_from_an_empty_source_dir_exits_clean_with_a_zeroed_summary ... ok
test run_json_on_a_real_mux_reports_a_populated_jobs_array_and_summary ... ok

test result: ok. 11 passed; 0 failed; 0 ignored; 0 measured; 0 filtered out; finished in 0.16s

     Running tests/run_live.rs (target/debug/deps/run_live-1945c38dbfb39221)

running 4 tests
test live_run_muxes_two_sources_and_reports_exit_zero ... ok
test zero_rule_keep_profile_is_a_pure_passthrough ... ok
test readme_passthrough_recipe_with_title_template_survives_dry_run_and_run ... ok
test live_run_rerun_with_on_collision_skip_exits_one_and_leaves_outputs_untouched ... ok

test result: ok. 4 passed; 0 failed; 0 ignored; 0 measured; 0 filtered out; finished in 0.29s

     Running unittests src/lib.rs (target/debug/deps/muxsmith_core-d69417be6a729fbb)

running 119 tests
test capability::runtime::tests::language_index_from_rows_builds_directly ... ok
test capability::runtime::tests::platform_candidates_are_verified_against_mkvtoolnix_packaging ... ok
test capability::runtime::tests::parses_list_types_extensions ... ok
test capability::tests::attachment_properties_are_defined ... ok
test capability::runtime::tests::version_pair_parses_three_component_version ... ok
test capability::runtime::tests::parses_list_languages_into_normalizer ... ok
test capability::tests::matchable_types_from_generated_table ... ok
test capability::runtime::tests::version_pair_parses_two_component_version ... ok
test capability::tests::settable_maps_to_mkvmerge_options ... ok
test capability::runtime::tests::version_pair_rejects_unparseable_string ... ok
test capability::tests::codec_kind_is_virtual_matchable ... ok
test capability::tests::value_domains_are_closed_for_type_and_codec_kind ... ok
test executor::job::tests::exit_two_is_failed_and_partial_deleted ... ok
test executor::job::tests::parent_dir_created_before_spawn ... ok
test executor::job::tests::pre_spawn_cancellation_skips_spawn_and_deletes_nothing ... ok
test executor::job::tests::exit_one_is_warning_with_captured_lines_and_output_kept ... ok
test executor::job::tests::killed_under_cancel_is_cancelled_and_partial_deleted ... ok
test executor::job::tests::delete_partial_failure_surfaces_into_errors ... ok
test executor::job::tests::progress_lines_surface_as_percent ... ok
test executor::job::tests::spawn_failure_is_failed_but_keeps_preexisting_output ... ok
test executor::job::tests::exit_zero_is_ok_and_output_kept ... ok
test discovery::tests::resolve_locator_matches_by_identifier ... ok
test executor::queue::tests::worker_count_is_capped_at_spec_count ... ok
test executor::spawn::tests::resolve_wait_returns_none_when_killed_even_if_the_os_reports_a_code ... ok
test executor::spawn::tests::fake_killer_ends_stream_and_wait_returns_none ... ok
test executor::spawn::tests::fake_spawner_scripts_lines_and_exit ... ok
test executor::spawn::tests::resolve_wait_passes_the_raw_code_through_when_not_killed ... ok
test executor::spawn::tests::read_next_line_survives_non_utf8_bytes_without_truncating ... ok
test executor::queue::tests::poisoned_mutex_recovers_state_written_before_the_panic ... ok
test identify::tests::absent_attachments_and_chapters_default_empty ... ok
test identify::tests::attachment_get_exposes_match_properties ... ok
test identify::tests::attachment_with_wrong_typed_id_is_dropped ... ok
test identify::tests::display_is_a_terse_phrase_not_the_debug_dump ... ok
test identify::tests::chapters_non_numeric_num_entries_is_skipped_not_erroring ... ok
test discovery::tests::multiple_identifier_matches_uses_first ... ok
test matcher::tests::any_and_not_recurse ... ok
test identify::tests::parses_attachments_with_optional_fields ... ok
test identify::tests::unrecognized_container_is_not_identifiable ... ok
test identify::tests::prop_value_from_json_scalars_only ... ok
test identify::tests::parses_tracks_and_container ... ok
test matcher::tests::absent_boolean_property_compares_equal_to_false ... ok
test matcher::tests::b5_raw_unknown_present_matches_untyped ... ok
test matcher::tests::absent_non_boolean_property_still_does_not_match ... ok
test matcher::tests::attachment_matching_uses_the_same_algebra ... ok
test discovery::tests::non_recursive_scan_skips_subdirs ... ok
test identify::tests::get_unifies_toplevel_and_nested_properties ... ok
test discovery::tests::broken_symlink_is_skipped_silently ... ok
test identify::tests::attachment_without_properties_key_has_no_uid ... ok
test executor::spawn::tests::live_killer_then_wait_returns_none ... ok
test discovery::tests::symlinked_directory_is_not_recursed_into ... ok
test matcher::tests::b6_raw_absent_unknown_does_not_match_no_false_when_absent ... ok
test matcher::tests::b7_raw_int_float_cross_compare ... ok
test matcher::tests::empty_expression_matches_everything ... ok
test matcher::tests::lang_eq_canonical_forms_match ... ok
test matcher::tests::lang_eq_preserves_meaningful_distinctions ... ok
test matcher::tests::b8_raw_language_is_byte_literal_no_normalization ... ok
test discovery::tests::discovers_symlinked_primary_file ... ok
test matcher::tests::codec_kind_is_codec_id_prefix_match ... ok
test discovery::tests::duplicate_identifier_is_warned ... ok
test planner::tests::chapter_source_variants_serialize_to_the_expected_kind_tagged_shape ... ok
test matcher::tests::present_boolean_property_still_matches_its_real_value ... ok
test matcher::tests::language_normalizes_iso_and_bcp47_against_both_fields ... ok
test planner::tests::duplicate_signature_diagnostic_is_a_regression_not_a_collapse ... ok
test matcher::tests::numeric_exact_compares_across_int_and_float ... ok
test matcher::tests::matches_is_generic_over_matchable ... ok
test matcher::tests::language_falls_back_to_raw_compare_when_unknown ... ok
test discovery::tests::multi_hop_symlink_chain_is_discovered ... ok
test matcher::tests::exact_matches_type_and_flags ... ok
test planner::tests::primary_attachments_variants_serialize_to_the_expected_kind_tagged_shape ... ok
test discovery::tests::scans_primaries_and_extracts_named_groups ... ok
test planner::tests::title_action_variants_serialize_to_the_expected_kind_tagged_shape ... ok
test profile::match_expr::tests::empty_expression_reports_empty ... ok
test profile::match_expr::tests::parses_flat_expression ... ok
test profile::lint::tests::rules_with_any_are_skipped ... ok
test profile::match_expr::tests::rejects_unknown_keys ... ok
test profile::lint::tests::external_source_rules_are_skipped ... ok
test profile::lint::tests::rules_with_substring_are_skipped ... ok
test profile::lint::tests::subset_conditions_are_provable_overlap ... ok
test profile::lint::tests::disjoint_exact_values_are_not_flagged ... ok
test report::tests::all_keys_match_serde_encoding ... ok
test report::tests::diagnostic_serializes_with_snake_case_severity_and_kebab_code ... ok
test profile::lint::tests::reversed_direction_overlap_is_flagged ... ok
test profile::match_expr::tests::parses_nested_any_and_not ... ok
test profile::lint::tests::rules_with_negations_or_regex_are_skipped ... ok
test profile::lint::tests::identical_exact_rules_are_provable_overlap ... ok
test profile::match_expr::tests::scalar_type_names ... ok
test report::tests::severity_orders_info_warning_error ... ok
test report::tests::diag_code_keys_are_kebab_case ... ok
test report::tests::all_keys_are_unique ... ok
test report::tests::with_claimants_populates_structural_field_and_json_from_one_slice ... ok
test report::tests::f2_codes_are_registered_with_keys ... ok
test template::tests::double_braces_are_literal ... ok
test report::tests::diagnostic_builder_sets_fields ... ok
test template::tests::empty_name_with_filter_is_empty_field ... ok
test report::tests::plan2_codes_are_registered_with_keys ... ok
test template::tests::int_filter_on_missing_field_renders_empty ... ok
test template::tests::int_filter_keeps_single_zero ... ok
test template::tests::lone_closing_brace_is_literal_and_lone_open_is_error ... ok
test report::tests::with_severity_overrides_constructor_severity ... ok
test template::tests::parses_fields_and_filters ... ok
test report::tests::worst_severity_picks_error_over_warning ... ok
test template::tests::rejects_unknown_filter_and_unclosed_brace ... ok
test template::tests::case_sensitive_flag_controls_inline_i ... ok
test template::tests::renders_literal_with_filters ... ok
test matcher::tests::substring_is_case_insensitive_and_regex_is_literal ... ok
test template::tests::regex_mode_escapes_interpolated_values ... ok
test template::tests::regex_mode_matches_spec_examples ... ok
test executor::queue::tests::cancel_job_before_dequeue_skips_start_but_still_reports_finished ... ok
test executor::queue::tests::jobs_far_exceeding_spec_count_still_completes_with_correct_outcomes ... ok
test executor::queue::tests::soft_fail_fast_cancels_queued_but_not_inflight ... ok
test executor::queue::tests::sequential_fifo_order_and_events ... ok
test executor::queue::tests::cancel_kills_inflight_and_cancels_queued ... ok
test executor::queue::tests::cancel_job_kills_exactly_that_job_others_continue ... ok
test executor::queue::tests::no_fail_fast_continues_past_failure ... ok
test executor::queue::tests::jobs_n_bounds_concurrency ... ok
test executor::queue::tests::outcomes_index_aligned ... ok
test executor::queue::tests::cancel_job_during_spawn_window_is_not_lost ... ok
test executor::queue::tests::fail_fast_triggers_on_a_non_first_failing_job ... ok
test executor::queue::tests::worker_panic_is_reported_as_failed_not_cancelled ... ok

test result: ok. 119 passed; 0 failed; 0 ignored; 0 measured; 0 filtered out; finished in 0.05s

     Running tests/command.rs (target/debug/deps/command-43fef9a9fc92f49b)

running 15 tests
test add_files_emit_global_attach_file ... ok
test attachments_keep_all_emits_no_flag_on_primary ... ok
test attachments_subset_on_primary_no_attachments_on_donor ... ok
test attachments_drop_all_on_primary ... ok
test boolean_and_string_value_encoding ... ok
test chapters_drop_emits_no_chapters_on_every_group_and_no_global_flag ... ok
test donor_ordering_keep_mode_with_mixed_none_and_some_assignments ... ok
test chapters_external_emits_global_chapters_and_no_chapters_on_every_group ... ok
test global_and_single_video_group ... ok
test donor_ordering_drop_mode_with_mixed_none_and_some_assignments ... ok
test keep_unmatched_donor_trails_primary_track_order ... ok
test keep_unmatched_suppresses_primary_selection_flags ... ok
test per_track_properties_and_multi_group ... ok
test unmatched_donor_rule_opens_no_input_group ... ok
test tags_dropped_emit_flags_on_every_group ... ok

test result: ok. 15 passed; 0 failed; 0 ignored; 0 measured; 0 filtered out; finished in 0.00s

     Running tests/command_integration.rs (target/debug/deps/command_integration-048105ec572b419e)

running 4 tests
test reference_example_end_to_end ... ok
mkvmerge v100.0 ('Do Hot Girls Like Chords') 64-bit
'/tmp/.tmpgWV9cL/primary.mkv': Using the demultiplexer for the format 'Matroska'.
'/tmp/.tmpgWV9cL/donor.mkv': Using the demultiplexer for the format 'Matroska'.
'/tmp/.tmpgWV9cL/primary.mkv' track 0: Using the output module for the format 'text subtitles'.
'/tmp/.tmpgWV9cL/primary.mkv' track 1: Using the output module for the format 'text subtitles'.
'/tmp/.tmpgWV9cL/donor.mkv' track 0: Using the output module for the format 'text subtitles'.
The file '/tmp/.tmpgWV9cL/out/out.mkv' has been opened for writing.
Progress: 0%Progress: 100%The cue entries (the index) are being written...
Multiplexing took 0 seconds.
test live_keep_donor_trails_primary ... ok
mkvmerge v100.0 ('Do Hot Girls Like Chords') 64-bit
mkvmerge v100.0 ('Do Hot Girls Like Chords') 64-bit
'/tmp/.tmpHPPrVi/source.mkv': Using the demultiplexer for the format 'Matroska'.
'/tmp/.tmpHPPrVi/source.mkv' track 0: Using the output module for the format 'text subtitles'.
The file '/tmp/.tmpHPPrVi/out/source.mkv' has been opened for writing.
Progress: 0%Progress: 100%The cue entries (the index) are being written...
'/tmp/.tmplJxR4l/source.mkv': Using the demultiplexer for the format 'Matroska'.
Multiplexing took 0 seconds.
'/tmp/.tmplJxR4l/source.mkv' track 0: Using the output module for the format 'text subtitles'.
The file '/tmp/.tmplJxR4l/out/source.mkv' has been opened for writing.
Progress: 0%Progress: 100%The cue entries (the index) are being written...
Multiplexing took 0 seconds.
test live_attachment_and_changes_round_trip ... ok
test live_mkvmerge_accepts_planned_command ... ok

test result: ok. 4 passed; 0 failed; 0 ignored; 0 measured; 0 filtered out; finished in 0.13s

     Running tests/executor_events.rs (target/debug/deps/executor_events-06fe96e0dc99f74e)

running 2 tests
test job_event_wire_shapes ... ok
test output_line_captures_every_non_tick_line_verbatim ... ok

test result: ok. 2 passed; 0 failed; 0 ignored; 0 measured; 0 filtered out; finished in 0.00s

     Running tests/executor_live.rs (target/debug/deps/executor_live-dd174456cff43bcb)

running 1 test
test live_gui_mode_progress_reaches_100_percent ... ok

test result: ok. 1 passed; 0 failed; 0 ignored; 0 measured; 0 filtered out; finished in 0.03s

     Running tests/executor_no_hang_live.rs (target/debug/deps/executor_no_hang_live-62585019097b01b6)

running 1 test
test run_job_survives_a_non_utf8_line_and_a_pipe_filling_tail_without_hanging ... ok

test result: ok. 1 passed; 0 failed; 0 ignored; 0 measured; 0 filtered out; finished in 0.00s

     Running tests/identify_live.rs (target/debug/deps/identify_live-60f89362867f18ac)

running 1 test
test identifies_and_caches_a_real_file ... ok

test result: ok. 1 passed; 0 failed; 0 ignored; 0 measured; 0 filtered out; finished in 0.04s

     Running tests/joblog.rs (target/debug/deps/joblog-506bd2e7805432b1)

running 12 tests
test a_job_with_zero_events_never_gets_a_file ... ok
test make_run_id_formats_utc_as_compact_stamp ... ok
test default_runs_root_appends_muxsmith_runs ... ok
test a_failed_job_file_write_makes_finish_err_but_summary_still_writes ... ok
test prune_stale_runs_leaves_a_stale_named_symlink_and_its_target_untouched ... ok
test collision_appends_a_numeric_suffix ... ok
test run_id_timestamp_rejects_garbage_and_out_of_range_calendar_values ... ok
test prune_stale_runs_boundary_is_exactly_14_days ... ok
test run_id_timestamp_round_trips_make_run_id_and_tolerates_the_collision_suffix ... ok
test full_lifecycle_writes_job_and_summary_files ... ok
test create_prunes_run_dirs_older_than_14_days_by_name_only ... ok
test skipped_job_without_started_still_writes_a_record_with_empty_lines ... ok

test result: ok. 12 passed; 0 failed; 0 ignored; 0 measured; 0 filtered out; finished in 0.00s

     Running tests/mkvmerge_runtime.rs (target/debug/deps/mkvmerge_runtime-19bf65b1974c9d92)

running 7 tests
test detect_reports_too_old_with_found_and_minimum ... ok
test detect_caches_version_pair_so_version_pair_spawns_nothing ... ok
test detect_prefers_override_over_path ... ok
test version_reports_mkvmerge ... ok
test list_types_includes_matroska ... ok
test detect_none_finds_real_mkvmerge_meeting_the_version_floor ... ok
test list_languages_normalizes_english_and_german ... ok

test result: ok. 7 passed; 0 failed; 0 ignored; 0 measured; 0 filtered out; finished in 0.06s

     Running tests/planner_non_utf8_path.rs (target/debug/deps/planner_non_utf8_path-7f1d63dfe29097ec)

running 2 tests
test non_utf8_primary_is_dropped_while_clean_sibling_plans ... ok
test non_utf8_output_dir_drops_plan_with_diagnostic ... ok

test result: ok. 2 passed; 0 failed; 0 ignored; 0 measured; 0 filtered out; finished in 0.00s

     Running tests/planner_resolution.rs (target/debug/deps/planner_resolution-4d2080d821b79747)

running 70 tests
test b11_raw_absent_missing_track_but_still_warns_no_plan ... ok
test changes_language_non_string_value_is_invalid_property_value ... ok
test chapters_keep_keyword_resolves_to_keep ... ok
test attachment_no_rules_and_unmatched_drop_resolves_to_drop_all ... ok
test chapters_drop_keyword_resolves_to_drop ... ok
test changes_resolve_to_applied_changes_in_property_order ... ok
test bad_language_value_is_batch_invalid_property_value ... ok
test attachment_add_locator_attaches_all_matching_files ... ok
test b9_raw_skew_newer_schema_resolves_with_warning ... ok
test attachment_no_rules_and_unmatched_keep_resolves_to_keep_all ... ok
test attachment_add_locator_zero_matches_yields_missing_external_warning_and_plan_survives ... ok
test changes_language_pt_br_regional_tag_is_not_invalid_property_value ... ok
test attachment_drop_rule_covers_one_and_unmatched_keep_keeps_the_rest ... ok
test attachment_add_two_rules_matching_same_file_is_deduped ... ok
test attachment_select_rule_keeps_matched_and_unmatched_drop_removes_rest ... ok
test chapters_external_one_match_resolves_to_external_path ... ok
test empty_rendered_name_when_template_renders_to_empty_string ... ok
test b10_raw_skew_same_version_still_warns_and_resolves ... ok
test invalid_changes_language_is_plan_time_invalid_property_value ... ok
test chapters_external_zero_matches_yields_missing_external_and_no_plan ... ok
test empty_plan_does_not_fire_under_keep_unmatched_primary_passthrough ... ok
test empty_rendered_name_when_template_renders_to_literal_mkv ... ok
test empty_plan_warns_when_all_optional_rules_match_nothing ... ok
test empty_plan_fires_when_only_attachments_and_chapters_resolve ... ok
test empty_rendered_name_when_template_field_renders_empty_before_literal_mkv ... ok
test chapters_external_two_matches_yields_ambiguous_external ... ok
test keep_filename_renders_mkv_output ... ok
test keep_filename_does_not_apply_the_templates_conditional_append ... ok
test keep_filename_on_mp4_source_replaces_extension_with_mkv ... ok
test known_extension_case_insensitive_is_not_flagged ... ok
test missing_track_when_no_match_and_not_optional ... ok
test ambiguous_rule_when_two_tracks_match ... ok
test source_overwrite_protects_chapters_donor_of_render_failed_file ... ok
test source_overwrite_protects_attachment_donor_of_render_failed_file ... ok
test source_overwrite_protects_donor_of_render_failed_file ... ok
test on_disk_collision_under_error_is_error_and_drops_plan ... ok
test plan_and_assignment_carry_resolution_field_defaults ... ok
test on_disk_collision_under_overwrite_is_info_and_keeps_plan ... ok
test empty_rendered_name_when_template_renders_to_dot ... ok
test on_disk_collision_under_skip_is_warning_and_drops_plan ... ok
test optional_absent_track_is_no_error ... ok
test schema_drift_degrades_when_no_file_in_the_batch_identifies ... ok
test schema_drift_all_pinned_batch_yields_none ... ok
test resolves_each_rule_to_one_track ... ok
test recognized_supported_zero_tracks_stays_missing_track_not_unsupported_source ... ok
test schema_drift_fires_once_per_batch_with_the_max_found_version ... ok
test title_clear_resolves_to_clear ... ok
test title_template_renders_raw_capture_into_set ... ok
test template_filename_already_ending_in_mkv_is_not_doubled ... ok
test tags_global_drop_track_keep_resolves_to_flags ... ok
test title_keep_resolves_to_keep ... ok
test title_template_rendering_empty_is_a_legitimate_set ... ok
test source_overwrite_when_output_equals_donor_path ... ok
test unknown_extension_check_degrades_when_runtime_unavailable ... ok
test unidentifiable_donor_yields_unidentifiable_source_not_missing_external ... ok
test title_template_supports_source_stem_field ... ok
test unidentifiable_primary_yields_unidentifiable_source_not_missing_track ... ok
test overlapping_rules_when_two_rules_claim_one_track ... ok
test unknown_extension_in_attachments_add_locator_is_batch_warning ... ok
test template_filename_appends_mkv_when_missing ... ok
test source_overwrite_is_batch_wide_not_per_primary ... ok
test unrecognized_container_yields_unsupported_source_not_missing_track ... ok
test unknown_extension_in_track_rule_locator_is_batch_warning ... ok
test unknown_extension_repeated_across_input_and_locator_is_not_deduped ... ok
test unknown_extension_is_batch_warning_naming_the_extension ... ok
test unsupported_container_yields_unsupported_source_not_missing_track ... ok
test unknown_extension_in_chapters_locator_is_batch_warning ... ok
test unmuxable_donor_yields_unsupported_source_not_unidentifiable ... ok
test overlapping_rules_names_every_claimant_not_just_the_first_two ... ok
test two_planned_outputs_to_same_path_are_always_output_collision_error ... ok

test result: ok. 70 passed; 0 failed; 0 ignored; 0 measured; 0 filtered out; finished in 0.01s

     Running tests/profile_load.rs (target/debug/deps/profile_load-89c1906528fba61b)

running 8 tests
test tracks_block_parses_and_unmatched_defaults_to_drop ... ok
test tracks_unmatched_keep_parses ... ok
test unknown_key_inside_filename_template_is_rejected ... ok
test defaults_apply_when_sections_absent ... ok
test unknown_key_is_parse_error_with_path ... ok
test unknown_key_inside_source_external_is_rejected ... ok
test json_profile_parses_identically_to_yaml ... ok
test reference_profile_parses ... ok

test result: ok. 8 passed; 0 failed; 0 ignored; 0 measured; 0 filtered out; finished in 0.00s

     Running tests/profile_save.rs (target/debug/deps/profile_save-5e54c218bff68584)

running 7 tests
test the_core83_passthrough_profile_survives_a_save ... ok
test all_non_default_fields_survive_the_round_trip ... ok
test schema_defaults_match_the_serde_defaults ... ok
test canonical_json_round_trips_to_an_equal_model ... ok
test an_unwritable_path_is_an_io_error_not_a_panic ... ok
test canonical_yaml_round_trips_to_an_equal_model ... ok
test to_file_picks_json_from_the_extension_and_never_changes_format ... ok

test result: ok. 7 passed; 0 failed; 0 ignored; 0 measured; 0 filtered out; finished in 0.00s

     Running tests/prop_language.rs (target/debug/deps/prop_language-c2d710f8ccb300e8)

running 8 tests
test codes_in_a_row_share_one_canonical ... ok
test wellformed_tags_are_valid_values ... ok
test language_equality_is_reflexive ... ok
test queries_are_total_on_arbitrary_input ... ok
test normalize_is_idempotent ... ok
test normalize_is_case_insensitive ... ok
test valid_value_contains_normalizable ... ok
test language_equality_is_symmetric ... ok

test result: ok. 8 passed; 0 failed; 0 ignored; 0 measured; 0 filtered out; finished in 0.03s

     Running tests/prop_matcher.rs (target/debug/deps/prop_matcher-f51d5e31dd1af0a2)

running 7 tests
test any_singleton_equals_inner ... ok
test not_not_is_identity ... ok
test matcher_is_total_and_deterministic ... ok
test not_is_nor ... ok
test any_is_disjunction ... ok
test any_is_order_insensitive ... ok
test generated_exprs_are_validation_clean ... ok

test result: ok. 7 passed; 0 failed; 0 ignored; 0 measured; 0 filtered out; finished in 0.27s

     Running tests/prop_planner.rs (target/debug/deps/prop_planner-34c247a240d01c1e)

running 3 tests
test produced_plan_names_are_well_formed ... ok
test plan_is_byte_identical_across_runs ... ok
test accepted_suggestion_survives_replan ... ok

test result: ok. 3 passed; 0 failed; 0 ignored; 0 measured; 0 filtered out; finished in 1.31s

     Running tests/report_json.rs (target/debug/deps/report_json-3f3d065422aceb00)

running 3 tests
test run_document_adds_indexed_jobs_and_a_zeroed_summary_when_empty ... ok
test run_document_maps_outcomes_to_indexed_job_entries_and_counts_the_summary ... ok
test run_document_jobs_carry_index_output_state_and_summary_carries_all_four_counts ... ok

test result: ok. 3 passed; 0 failed; 0 ignored; 0 measured; 0 filtered out; finished in 0.00s

     Running tests/suggestions.rs (target/debug/deps/suggestions-ffb36e78e0f572e1)

running 19 tests
test apply_rejects_a_rule_index_past_the_end ... ok
test apply_returns_ok_when_the_edit_reaches_the_model ... ok
test apply_rejects_an_edit_the_no_clobber_merge_drops ... ok
test apply_rejects_an_unparsable_config_path ... ok
test ambiguity_resolvable_only_by_codec_or_id_yields_those_dimensions ... ok
test apply_splices_the_simulated_scalar_for_a_bool_property ... ok
test yaml_fragment_round_trips_a_value_containing_a_colon ... ok
test tc_b_two_required_overlap_yields_no_suggestion_and_names_all_claimants ... ok
test apply_splices_the_simulated_scalar_for_an_int_property ... ok
test ambiguous_rule_gets_a_validated_suggestion ... ok
test suggestion_cap_truncation_is_logged_not_silent ... ok
test no_single_fix_produces_a_two_group_partition ... ok
test tc_d_three_claimant_overlap_yields_no_suggestion_and_names_all_three ... ok
test tc_a_overlap_optional_rule_yields_not_narrowings_on_that_rule ... ok
test tc_c_batch_unsafe_overlap_narrowing_is_rejected_by_the_multiset_guard ... ok
test every_suggestion_survives_the_next_dry_run ... ok
test with_rule_match_never_widens_an_existing_substring_constraint ... ok
test ambiguous_external_source_rule_gets_suggestions_like_a_primary_rule ... ok
test every_applied_suggestion_survives_the_next_dry_run_at_the_model_level ... ok

test result: ok. 19 passed; 0 failed; 0 ignored; 0 measured; 0 filtered out; finished in 0.01s

     Running tests/ts_export.rs (target/debug/deps/ts_export-67bc57b5598c705a)

running 0 tests

test result: ok. 0 passed; 0 failed; 0 ignored; 0 measured; 0 filtered out; finished in 0.00s

     Running tests/validate_hardening.rs (target/debug/deps/validate_hardening-f67183e56d8b37c9)

running 10 tests
test empty_not_list_is_empty_match_list ... ok
test codec_kind_under_substring_is_exact_only ... ok
test bad_type_value_is_invalid_property_value ... ok
test good_type_value_passes ... ok
test bad_codec_kind_value_is_invalid_property_value ... ok
test empty_any_list_is_empty_match_list ... ok
test codec_kind_under_exact_is_allowed ... ok
test empty_any_list_reports_only_empty_match_list_not_empty_match_expression ... ok
test populated_any_and_not_are_not_empty_match_list ... ok
test codec_kind_under_regex_is_exact_only ... ok

test result: ok. 10 passed; 0 failed; 0 ignored; 0 measured; 0 filtered out; finished in 0.00s

     Running tests/validate_semantics.rs (target/debug/deps/validate_semantics-10641c0df19016a0)

running 22 tests
test zero_rules_with_unmatched_keep_is_a_passthrough_info ... ok
test attachment_match_uses_attachment_property_set ... ok
test misspelled_chapters_keyword_is_invalid_keyword_with_const_derived_allowed ... ok
test attachment_rule_must_have_exactly_one_action ... ok
test empty_tracks_list_is_rejected ... ok
test unknown_match_property_is_flagged_with_path ... ok
test empty_match_expression_is_warning ... ok
test nested_any_and_not_are_validated_recursively ... ok
test invalid_condition_regex_is_flagged ... ok
test zero_rules_with_unmatched_drop_stays_an_error ... ok
test wrong_profile_version_is_rejected ... ok
test change_value_type_mismatch_is_flagged ... ok
test exact_value_type_mismatch_is_flagged ... ok
test reference_profile_validates_clean ... ok
test unknown_change_property_is_flagged ... ok
test substring_on_boolean_property_is_flagged ... ok
test b2_raw_unknown_exact_is_raw_property_info_untyped ... ok
test b4_raw_on_codec_kind_is_raw_on_known_property_warning ... ok
test integer_accepted_for_float_property_but_not_reverse ... ok
test b1_bare_typo_still_hard_rejects_unchanged ... ok
test b3_raw_unknown_substring_is_raw_property_info_no_type_error ... ok
test b4_raw_on_language_is_raw_on_known_property_warning ... ok

test result: ok. 22 passed; 0 failed; 0 ignored; 0 measured; 0 filtered out; finished in 0.00s

     Running tests/validate_structure.rs (target/debug/deps/validate_structure-c6e3f9ef8dd36195)

running 15 tests
test invalid_input_pattern_is_flagged ... ok
test filename_template_with_path_separator_is_flagged ... ok
test empty_locator_extensions_flagged ... ok
test match_to_source_false_with_pattern_is_not_conflict ... ok
test empty_extensions_flagged_for_input_and_locator ... ok
test numbered_group_fields_are_accepted ... ok
test match_pattern_with_unknown_field_is_flagged ... ok
test filename_keyword_misuse_flagged ... ok
test match_pattern_may_not_use_source_stem ... ok
test locator_with_both_match_options_is_conflict ... ok
test bad_template_syntax_is_invalid_template ... ok
test match_to_source_false_is_rejected ... ok
test unknown_template_filter_carries_name ... ok
test filename_template_fields_checked_against_pattern_groups ... ok
test unknown_keywords_are_flagged ... ok

test result: ok. 15 passed; 0 failed; 0 ignored; 0 measured; 0 filtered out; finished in 0.00s

     Running unittests src/lib.rs (target/debug/deps/muxsmith_gui_lib-edff690e23a8db4a)

running 82 tests
test error::tests::identify_json_failure_carries_detail ... ok
test error::tests::apply_errors_map_to_distinct_codes ... ok
test error::tests::identify_runtime_failure_delegates_to_the_runtime_mapping ... ok
test error::tests::new_builds_with_empty_params ... ok
test error::tests::non_zero_maps_to_query_failed_with_detail_and_exit_code ... ok
test error::tests::not_found_has_no_params ... ok
test error::tests::non_zero_signal_termination_maps_code_param_to_signal ... ok
test error::tests::parse_failure_maps_to_query_failed_with_detail ... ok
test error::tests::save_errors_map_to_distinct_codes ... ok
test error::tests::params_serialize_untagged_numbers_and_strings ... ok
test error::tests::settings_errors_map_to_distinct_codes ... ok
test error::tests::serializes_as_code_and_params ... ok
test error::tests::too_old_carries_found_and_minimum ... ok
test error::tests::too_old_is_distinguishable_from_not_found ... ok
test error::tests::with_attaches_and_overwrites_params ... ok
test error::tests::with_overwrites_a_prior_value_for_the_same_key ... ok
test run::tests::abort_and_quit_exits_immediately_when_the_run_already_tore_down ... ok
test run::tests::a_new_reservation_discards_a_stale_quit_request ... ok
test run::tests::cancel_job_during_planning_is_an_accepted_no_op ... ok
test run::tests::abort_and_quit_during_planning_exits_after_a_soft_outcome ... ok
test run::tests::close_decision_lets_an_idle_window_close_normally ... ok
test run::tests::close_abort_strings_resolve_from_the_ftl_catalog ... ok
test run::tests::close_decision_confirms_while_planning_and_while_running ... ok
test run::tests::cancel_run_during_planning_reaches_the_later_queue ... ok
test run::tests::do_cancel_job_cancels_only_the_targeted_job ... ok
test run::tests::do_cancel_job_errors_when_idle ... ok
test run::tests::do_cancel_run_cancels_the_active_batch ... ok
test run::tests::do_cancel_run_errors_when_idle ... ok
test run::tests::finalize_joblog_none_is_unavailable ... ok
test run::tests::finish_teardown_clears_the_slot_without_exiting_when_no_quit_is_pending ... ok
test run::tests::ftl_message_falls_back_to_the_key_and_never_prefix_matches ... ok
test run::tests::get_job_log_in_rejects_traversal_run_ids ... ok
test run::tests::get_job_log_in_reports_unavailable_without_a_runs_root ... ok
test run::tests::finalize_joblog_write_failure_is_incomplete ... ok
test run::tests::finalize_joblog_ok_is_complete ... ok
test run::tests::quit_flag_plus_teardown_completion_exits_exactly_once ... ok
test run::tests::list_runs_in_returns_empty_when_runs_root_is_none_or_missing ... ok
test run::tests::get_job_log_in_reads_the_record ... ok
test run::tests::get_job_log_in_reports_not_found_for_a_missing_record ... ok
test run::tests::second_start_is_rejected_while_a_queue_is_running_too ... ok
test run::tests::reservation_clears_on_a_soft_outcome ... ok
test run::tests::second_start_is_rejected_while_the_first_is_mid_planning ... ok
test run::tests::plan_run_propagates_a_settings_load_failure_as_an_ipc_error ... ok
test run::tests::shell_renderer_passes_through_the_diag_code_key ... ok
test run::tests::teardown_guard_runs_teardown_exactly_once_on_a_clean_finish ... ok
test run::tests::list_runs_in_skips_unreadable_dirs_and_sorts_newest_first ... ok
test run::tests::valid_run_id_rejects_traversal_separators_and_drive_prefixes ... ok
test run::tests::valid_run_id_accepts_a_plain_component ... ok
test settings::tests::load_missing_file_returns_defaults ... ok
test settings::tests::load_reports_corrupt_json_distinctly_from_a_missing_file ... ok
test run::tests::started_at_from_run_id_parses_a_collision_suffixed_dir_name ... ok
test run::tests::teardown_guard_clears_the_slot_and_exits_on_unwind_when_quit_was_pending ... ok
test settings::tests::settings_path_lives_under_a_muxsmith_subdirectory ... ok
test settings::tests::save_leaves_no_temp_file_behind_after_a_successful_write ... ok
test run::tests::started_at_from_run_id_rejects_garbage ... ok
test settings::tests::save_then_load_roundtrips ... ok
test settings::tests::save_caps_recent_profiles_at_the_mru_limit ... ok
test tests::get_settings_returns_defaults_on_first_run ... ok
test settings::tests::save_creates_missing_parent_directories ... ok
test run::tests::started_at_from_run_id_parses_the_fixed_prefix ... ok
test tests::dry_run_body_load_failure_mirrors_config_only_document_with_no_mkvmerge_key ... ok
test tests::identify_body_broken_override_maps_to_mkvmerge_spawn_failed ... ok
test settings::tests::save_cleans_up_its_temp_file_when_the_publish_rename_fails ... ok
test tests::settings_commands_fail_distinctly_when_config_dir_is_unavailable ... ok
test tests::detect_mkvmerge_body_broken_override_maps_to_mkvmerge_spawn_failed ... ok
test tests::set_settings_then_get_settings_roundtrips ... ok
test tests::validate_profile_body_reports_load_failure_with_no_mkvmerge_key ... ok
test tests::validate_profile_body_reports_validate_diagnostics_for_a_loadable_invalid_profile ... ok
test tests::dry_run_body_broken_mkvmerge_override_sets_mkvmerge_found_false ... ok
test tests::detect_mkvmerge_body_success_reports_version_and_path ... ok
test tests::load_profile_body_matches_validate_profile_diagnostics_and_adds_the_model ... ok
test tests::detect_mkvmerge_body_spawns_version_exactly_once ... ok
test run::tests::plan_run_honors_the_settings_mkvmerge_override_not_just_path ... ok
test tests::dry_run_body_query_failure_after_successful_detect_sets_mkvmerge_found_true ... ok
test tests::detect_mkvmerge_body_too_old_carries_found_and_minimum ... ok
test tests::dry_run_body_too_old_mkvmerge_also_sets_mkvmerge_found_false ... ok
test tests::detect_mkvmerge_body_finds_the_real_mkvmerge_when_available ... ok
test run::tests::commit_promotes_the_reservation_and_finish_teardown_clears_it ... ok
test run::tests::run_batch_emits_started_output_finished_in_order ... ok
test run::tests::run_batch_writes_job_log_files ... ok
test tests::identify_body_full_success_path_with_real_mkvmerge ... ok
test tests::dry_run_body_full_success_path_with_real_mkvmerge ... ok

test result: ok. 82 passed; 0 failed; 0 ignored; 0 measured; 0 filtered out; finished in 0.13s

     Running unittests src/main.rs (target/debug/deps/muxsmith_gui-b990c6f6d3bb7fbc)

running 0 tests

test result: ok. 0 passed; 0 failed; 0 ignored; 0 measured; 0 filtered out; finished in 0.00s

     Running unittests src/lib.rs (target/debug/deps/xtask-c2bc9f9f543ef6a3)

running 0 tests

test result: ok. 0 passed; 0 failed; 0 ignored; 0 measured; 0 filtered out; finished in 0.00s

     Running unittests src/main.rs (target/debug/deps/xtask-117bf3e67257710b)

running 0 tests

test result: ok. 0 passed; 0 failed; 0 ignored; 0 measured; 0 filtered out; finished in 0.00s

     Running tests/codegen.rs (target/debug/deps/codegen-7abe67de269ef281)

running 2 tests
test rejects_schema_without_track_properties ... ok
test generates_matchable_table_from_schema ... ok

test result: ok. 2 passed; 0 failed; 0 ignored; 0 measured; 0 filtered out; finished in 0.00s

   Doc-tests muxsmith_cli

running 0 tests

test result: ok. 0 passed; 0 failed; 0 ignored; 0 measured; 0 filtered out; finished in 0.00s

   Doc-tests muxsmith_core

running 0 tests

test result: ok. 0 passed; 0 failed; 0 ignored; 0 measured; 0 filtered out; finished in 0.00s

   Doc-tests muxsmith_gui_lib

running 0 tests

test result: ok. 0 passed; 0 failed; 0 ignored; 0 measured; 0 filtered out; finished in 0.00s

   Doc-tests xtask

running 0 tests

test result: ok. 0 passed; 0 failed; 0 ignored; 0 measured; 0 filtered out; finished in 0.00s

    Finished `dev` profile [unoptimized + debuginfo] target(s) in 0.10s
   Generated /home/senol/Git/Muxsmith/target/doc/muxsmith_cli/index.html and 5 other files
warning[duplicate]: found 2 duplicate entries for crate 'base64'
   ┌─ /home/senol/Git/Muxsmith/Cargo.lock:18:1
   │  
18 │ ╭ base64 0.21.7 registry+https://github.com/rust-lang/crates.io-index
19 │ │ base64 0.22.1 registry+https://github.com/rust-lang/crates.io-index
   │ ╰───────────────────────────────────────────────────────────────────┘ lock entries
   │  
   ├ base64 v0.21.7
     └── swift-rs v1.0.7
         ├── tauri v2.11.5
         │   ├── muxsmith-gui v0.1.0
         │   ├── tauri-plugin-clipboard-manager v2.3.2
         │   │   └── muxsmith-gui v0.1.0 (*)
         │   ├── tauri-plugin-dialog v2.7.1
         │   │   └── muxsmith-gui v0.1.0 (*)
         │   ├── tauri-plugin-fs v2.5.1
         │   │   ├── muxsmith-gui v0.1.0 (*)
         │   │   └── tauri-plugin-dialog v2.7.1 (*)
         │   └── tauri-plugin-os v2.3.2
         │       └── muxsmith-gui v0.1.0 (*)
         └── tauri-utils v2.9.3
             ├── tauri v2.11.5 (*)
             ├── tauri-build v2.6.3
             │   ├── (build) muxsmith-gui v0.1.0 (*)
             │   └── (build) tauri v2.11.5 (*)
             ├── tauri-codegen v2.6.3
             │   └── tauri-macros v2.6.3
             │       └── tauri v2.11.5 (*)
             ├── tauri-macros v2.6.3 (*)
             ├── tauri-plugin v2.6.3
             │   ├── (build) tauri-plugin-clipboard-manager v2.3.2 (*)
             │   ├── (build) tauri-plugin-dialog v2.7.1 (*)
             │   ├── (build) tauri-plugin-fs v2.5.1 (*)
             │   └── (build) tauri-plugin-os v2.3.2 (*)
             ├── (build) tauri-plugin-fs v2.5.1 (*)
             ├── tauri-runtime v2.11.3
             │   ├── tauri v2.11.5 (*)
             │   └── tauri-runtime-wry v2.11.4
             │       └── tauri v2.11.5 (*)
             └── tauri-runtime-wry v2.11.4 (*)
   ├ base64 v0.22.1
     ├── hyper-util v0.1.20
     │   └── reqwest v0.13.4
     │       └── tauri v2.11.5
     │           ├── muxsmith-gui v0.1.0
     │           ├── tauri-plugin-clipboard-manager v2.3.2
     │           │   └── muxsmith-gui v0.1.0 (*)
     │           ├── tauri-plugin-dialog v2.7.1
     │           │   └── muxsmith-gui v0.1.0 (*)
     │           ├── tauri-plugin-fs v2.5.1
     │           │   ├── muxsmith-gui v0.1.0 (*)
     │           │   └── tauri-plugin-dialog v2.7.1 (*)
     │           └── tauri-plugin-os v2.3.2
     │               └── muxsmith-gui v0.1.0 (*)
     ├── plist v1.10.0
     │   ├── tauri v2.11.5 (*)
     │   ├── tauri-codegen v2.6.3
     │   │   └── tauri-macros v2.6.3
     │   │       └── tauri v2.11.5 (*)
     │   ├── tauri-plugin v2.6.3
     │   │   ├── (build) tauri-plugin-clipboard-manager v2.3.2 (*)
     │   │   ├── (build) tauri-plugin-dialog v2.7.1 (*)
     │   │   ├── (build) tauri-plugin-fs v2.5.1 (*)
     │   │   └── (build) tauri-plugin-os v2.3.2 (*)
     │   └── tauri-utils v2.9.3
     │       ├── tauri v2.11.5 (*)
     │       ├── tauri-build v2.6.3
     │       │   ├── (build) muxsmith-gui v0.1.0 (*)
     │       │   └── (build) tauri v2.11.5 (*)
     │       ├── tauri-codegen v2.6.3 (*)
     │       ├── tauri-macros v2.6.3 (*)
     │       ├── tauri-plugin v2.6.3 (*)
     │       ├── (build) tauri-plugin-fs v2.5.1 (*)
     │       ├── tauri-runtime v2.11.3
     │       │   ├── tauri v2.11.5 (*)
     │       │   └── tauri-runtime-wry v2.11.4
     │       │       └── tauri v2.11.5 (*)
     │       └── tauri-runtime-wry v2.11.4 (*)
     ├── reqwest v0.13.4 (*)
     ├── tauri-codegen v2.6.3 (*)
     └── wry v0.55.1
         └── tauri-runtime-wry v2.11.4 (*)

warning[duplicate]: found 2 duplicate entries for crate 'bitflags'
   ┌─ /home/senol/Git/Muxsmith/Cargo.lock:22:1
   │  
22 │ ╭ bitflags 1.3.2 registry+https://github.com/rust-lang/crates.io-index
23 │ │ bitflags 2.13.0 registry+https://github.com/rust-lang/crates.io-index
   │ ╰─────────────────────────────────────────────────────────────────────┘ lock entries
   │  
   ├ bitflags v1.3.2
     ├── javascriptcore-rs v1.1.2
     │   ├── webkit2gtk v2.0.2
     │   │   ├── tauri v2.11.5
     │   │   │   ├── muxsmith-gui v0.1.0
     │   │   │   ├── tauri-plugin-clipboard-manager v2.3.2
     │   │   │   │   └── muxsmith-gui v0.1.0 (*)
     │   │   │   ├── tauri-plugin-dialog v2.7.1
     │   │   │   │   └── muxsmith-gui v0.1.0 (*)
     │   │   │   ├── tauri-plugin-fs v2.5.1
     │   │   │   │   ├── muxsmith-gui v0.1.0 (*)
     │   │   │   │   └── tauri-plugin-dialog v2.7.1 (*)
     │   │   │   └── tauri-plugin-os v2.3.2
     │   │   │       └── muxsmith-gui v0.1.0 (*)
     │   │   ├── tauri-runtime v2.11.3
     │   │   │   ├── tauri v2.11.5 (*)
     │   │   │   └── tauri-runtime-wry v2.11.4
     │   │   │       └── tauri v2.11.5 (*)
     │   │   ├── tauri-runtime-wry v2.11.4 (*)
     │   │   └── wry v0.55.1
     │   │       └── tauri-runtime-wry v2.11.4 (*)
     │   └── wry v0.55.1 (*)
     ├── png v0.17.16
     │   ├── ico v0.5.0
     │   │   └── tauri-codegen v2.6.3
     │   │       └── tauri-macros v2.6.3
     │   │           └── tauri v2.11.5 (*)
     │   └── tauri-codegen v2.6.3 (*)
     ├── webkit2gtk v2.0.2 (*)
     └── webkit2gtk-sys v2.0.2
         ├── webkit2gtk v2.0.2 (*)
         └── wry v0.55.1 (*)
   ├ bitflags v2.13.0
     ├── cairo-rs v0.18.5
     │   ├── gdk v0.18.2
     │   │   ├── gdkx11 v0.18.2
     │   │   │   └── wry v0.55.1
     │   │   │       └── tauri-runtime-wry v2.11.4
     │   │   │           └── tauri v2.11.5
     │   │   │               ├── muxsmith-gui v0.1.0
     │   │   │               ├── tauri-plugin-clipboard-manager v2.3.2
     │   │   │               │   └── muxsmith-gui v0.1.0 (*)
     │   │   │               ├── tauri-plugin-dialog v2.7.1
     │   │   │               │   └── muxsmith-gui v0.1.0 (*)
     │   │   │               ├── tauri-plugin-fs v2.5.1
     │   │   │               │   ├── muxsmith-gui v0.1.0 (*)
     │   │   │               │   └── tauri-plugin-dialog v2.7.1 (*)
     │   │   │               └── tauri-plugin-os v2.3.2
     │   │   │                   └── muxsmith-gui v0.1.0 (*)
     │   │   ├── gtk v0.18.2
     │   │   │   ├── muda v0.19.3
     │   │   │   │   └── tauri v2.11.5 (*)
     │   │   │   ├── tao v0.35.3
     │   │   │   │   └── tauri-runtime-wry v2.11.4 (*)
     │   │   │   ├── tauri v2.11.5 (*)
     │   │   │   ├── tauri-runtime v2.11.3
     │   │   │   │   ├── tauri v2.11.5 (*)
     │   │   │   │   └── tauri-runtime-wry v2.11.4 (*)
     │   │   │   ├── tauri-runtime-wry v2.11.4 (*)
     │   │   │   ├── webkit2gtk v2.0.2
     │   │   │   │   ├── tauri v2.11.5 (*)
     │   │   │   │   ├── tauri-runtime v2.11.3 (*)
     │   │   │   │   ├── tauri-runtime-wry v2.11.4 (*)
     │   │   │   │   └── wry v0.55.1 (*)
     │   │   │   └── wry v0.55.1 (*)
     │   │   └── webkit2gtk v2.0.2 (*)
     │   ├── gtk v0.18.2 (*)
     │   └── webkit2gtk v2.0.2 (*)
     ├── core-graphics v0.25.0
     │   └── tao v0.35.3 (*)
     ├── core-graphics-types v0.2.0
     │   └── core-graphics v0.25.0 (*)
     ├── dispatch2 v0.3.1
     │   ├── ctrlc v3.5.2
     │   │   └── muxsmith-cli v0.1.0
     │   ├── rfd v0.16.0
     │   │   └── tauri-plugin-dialog v2.7.1 (*)
     │   └── tao v0.35.3 (*)
     ├── glib v0.18.5
     │   ├── atk v0.18.2
     │   │   └── gtk v0.18.2 (*)
     │   ├── cairo-rs v0.18.5 (*)
     │   ├── gdk v0.18.2 (*)
     │   ├── gdk-pixbuf v0.18.5
     │   │   ├── gdk v0.18.2 (*)
     │   │   └── gtk v0.18.2 (*)
     │   ├── gdkx11 v0.18.2 (*)
     │   ├── gio v0.18.4
     │   │   ├── gdk v0.18.2 (*)
     │   │   ├── gdk-pixbuf v0.18.5 (*)
     │   │   ├── gdkx11 v0.18.2 (*)
     │   │   ├── gtk v0.18.2 (*)
     │   │   ├── pango v0.18.3
     │   │   │   ├── gdk v0.18.2 (*)
     │   │   │   └── gtk v0.18.2 (*)
     │   │   ├── soup3 v0.5.0
     │   │   │   ├── webkit2gtk v2.0.2 (*)
     │   │   │   └── wry v0.55.1 (*)
     │   │   └── webkit2gtk v2.0.2 (*)
     │   ├── gtk v0.18.2 (*)
     │   ├── javascriptcore-rs v1.1.2
     │   │   ├── webkit2gtk v2.0.2 (*)
     │   │   └── wry v0.55.1 (*)
     │   ├── pango v0.18.3 (*)
     │   ├── soup3 v0.5.0 (*)
     │   └── webkit2gtk v2.0.2 (*)
     ├── keyboard-types v0.7.0
     │   └── muda v0.19.3 (*)
     ├── ndk v0.9.0
     │   ├── softbuffer v0.4.8
     │   │   └── tauri-runtime-wry v2.11.4 (*)
     │   ├── tao v0.35.3 (*)
     │   └── wry v0.55.1 (*)
     ├── nix v0.31.3
     │   ├── ctrlc v3.5.2 (*)
     │   └── os_info v3.15.0
     │       └── tauri-plugin-os v2.3.2 (*)
     ├── objc2-app-kit v0.3.2
     │   ├── arboard v3.6.1
     │   │   └── tauri-plugin-clipboard-manager v2.3.2 (*)
     │   ├── muda v0.19.3 (*)
     │   ├── objc2-web-kit v0.3.2
     │   │   ├── tauri v2.11.5 (*)
     │   │   ├── tauri-runtime v2.11.3 (*)
     │   │   └── wry v0.55.1 (*)
     │   ├── rfd v0.16.0 (*)
     │   ├── tao v0.35.3 (*)
     │   ├── tauri v2.11.5 (*)
     │   ├── tauri-runtime-wry v2.11.4 (*)
     │   ├── window-vibrancy v0.6.0
     │   │   └── tauri v2.11.5 (*)
     │   └── wry v0.55.1 (*)
     ├── objc2-cloud-kit v0.3.2
     │   └── objc2-ui-kit v0.3.2
     │       ├── os_info v3.15.0 (*)
     │       ├── tao v0.35.3 (*)
     │       ├── tauri v2.11.5 (*)
     │       ├── tauri-runtime v2.11.3 (*)
     │       └── wry v0.55.1 (*)
     ├── objc2-core-foundation v0.3.2
     │   ├── arboard v3.6.1 (*)
     │   ├── muda v0.19.3 (*)
     │   ├── objc2-app-kit v0.3.2 (*)
     │   ├── objc2-core-graphics v0.3.2
     │   │   ├── arboard v3.6.1 (*)
     │   │   ├── objc2-app-kit v0.3.2 (*)
     │   │   ├── objc2-ui-kit v0.3.2 (*)
     │   │   └── softbuffer v0.4.8 (*)
     │   ├── objc2-core-text v0.3.2
     │   │   └── objc2-ui-kit v0.3.2 (*)
     │   ├── objc2-foundation v0.3.2
     │   │   ├── arboard v3.6.1 (*)
     │   │   ├── muda v0.19.3 (*)
     │   │   ├── objc2-app-kit v0.3.2 (*)
     │   │   ├── objc2-cloud-kit v0.3.2 (*)
     │   │   ├── objc2-core-data v0.3.2
     │   │   │   └── objc2-ui-kit v0.3.2 (*)
     │   │   ├── objc2-core-image v0.3.2
     │   │   │   └── objc2-ui-kit v0.3.2 (*)
     │   │   ├── objc2-core-location v0.3.2
     │   │   │   └── objc2-ui-kit v0.3.2 (*)
     │   │   ├── objc2-quartz-core v0.3.2
     │   │   │   ├── objc2-ui-kit v0.3.2 (*)
     │   │   │   └── softbuffer v0.4.8 (*)
     │   │   ├── objc2-ui-kit v0.3.2 (*)
     │   │   ├── objc2-user-notifications v0.3.2
     │   │   │   └── objc2-ui-kit v0.3.2 (*)
     │   │   ├── objc2-web-kit v0.3.2 (*)
     │   │   ├── os_info v3.15.0 (*)
     │   │   ├── rfd v0.16.0 (*)
     │   │   ├── softbuffer v0.4.8 (*)
     │   │   ├── tao v0.35.3 (*)
     │   │   ├── tauri v2.11.5 (*)
     │   │   ├── tauri-plugin-fs v2.5.1 (*)
     │   │   ├── window-vibrancy v0.6.0 (*)
     │   │   └── wry v0.55.1 (*)
     │   ├── objc2-quartz-core v0.3.2 (*)
     │   ├── objc2-ui-kit v0.3.2 (*)
     │   ├── objc2-web-kit v0.3.2 (*)
     │   ├── rfd v0.16.0 (*)
     │   ├── softbuffer v0.4.8 (*)
     │   ├── window-vibrancy v0.6.0 (*)
     │   └── wry v0.55.1 (*)
     ├── objc2-core-graphics v0.3.2 (*)
     ├── objc2-core-text v0.3.2 (*)
     ├── objc2-foundation v0.3.2 (*)
     ├── objc2-quartz-core v0.3.2 (*)
     ├── objc2-ui-kit v0.3.2 (*)
     ├── objc2-web-kit v0.3.2 (*)
     ├── png v0.18.1
     │   ├── image v0.25.10
     │   │   └── arboard v3.6.1 (*)
     │   └── muda v0.19.3 (*)
     ├── proptest v1.11.0
     │   └── (dev) muxsmith-core v0.1.0
     │       ├── muxsmith-cli v0.1.0 (*)
     │       └── muxsmith-gui v0.1.0 (*)
     ├── redox_syscall v0.5.18
     │   ├── parking_lot_core v0.9.12
     │   │   └── parking_lot v0.12.5
     │   │       ├── arboard v3.6.1 (*)
     │   │       ├── string_cache v0.9.0
     │   │       │   └── web_atoms v0.2.5
     │   │       │       └── markup5ever v0.38.0
     │   │       │           └── html5ever v0.38.0
     │   │       │               └── dom_query v0.27.0
     │   │       │                   ├── tauri-utils v2.9.3
     │   │       │                   │   ├── tauri v2.11.5 (*)
     │   │       │                   │   ├── tauri-build v2.6.3
     │   │       │                   │   │   ├── (build) muxsmith-gui v0.1.0 (*)
     │   │       │                   │   │   └── (build) tauri v2.11.5 (*)
     │   │       │                   │   ├── tauri-codegen v2.6.3
     │   │       │                   │   │   └── tauri-macros v2.6.3
     │   │       │                   │   │       └── tauri v2.11.5 (*)
     │   │       │                   │   ├── tauri-macros v2.6.3 (*)
     │   │       │                   │   ├── tauri-plugin v2.6.3
     │   │       │                   │   │   ├── (build) tauri-plugin-clipboard-manager v2.3.2 (*)
     │   │       │                   │   │   ├── (build) tauri-plugin-dialog v2.7.1 (*)
     │   │       │                   │   │   ├── (build) tauri-plugin-fs v2.5.1 (*)
     │   │       │                   │   │   └── (build) tauri-plugin-os v2.3.2 (*)
     │   │       │                   │   ├── (build) tauri-plugin-fs v2.5.1 (*)
     │   │       │                   │   ├── tauri-runtime v2.11.3 (*)
     │   │       │                   │   └── tauri-runtime-wry v2.11.4 (*)
     │   │       │                   └── wry v0.55.1 (*)
     │   │       └── tao v0.35.3 (*)
     │   └── softbuffer v0.4.8 (*)
     ├── rustix v1.1.4
     │   ├── gethostname v1.1.0
     │   │   ├── tauri-plugin-os v2.3.2 (*)
     │   │   └── x11rb v0.13.2
     │   │       └── arboard v3.6.1 (*)
     │   ├── tempfile v3.27.0
     │   │   ├── insta v1.48.0
     │   │   │   └── (dev) muxsmith-cli v0.1.0 (*)
     │   │   ├── (dev) muxsmith-cli v0.1.0 (*)
     │   │   ├── (dev) muxsmith-core v0.1.0 (*)
     │   │   ├── (dev) muxsmith-gui v0.1.0 (*)
     │   │   ├── proptest v1.11.0 (*)
     │   │   └── rusty-fork v0.3.1
     │   │       └── proptest v1.11.0 (*)
     │   ├── wayland-backend v0.3.15
     │   │   ├── wayland-client v0.31.14
     │   │   │   ├── wayland-protocols v0.32.13
     │   │   │   │   ├── wayland-protocols-wlr v0.3.12
     │   │   │   │   │   └── wl-clipboard-rs v0.9.3
     │   │   │   │   │       └── arboard v3.6.1 (*)
     │   │   │   │   └── wl-clipboard-rs v0.9.3 (*)
     │   │   │   ├── wayland-protocols-wlr v0.3.12 (*)
     │   │   │   └── wl-clipboard-rs v0.9.3 (*)
     │   │   ├── wayland-protocols v0.32.13 (*)
     │   │   ├── wayland-protocols-wlr v0.3.12 (*)
     │   │   └── wl-clipboard-rs v0.9.3 (*)
     │   ├── wayland-client v0.31.14 (*)
     │   ├── wl-clipboard-rs v0.9.3 (*)
     │   └── x11rb v0.13.2 (*)
     ├── selectors v0.36.1
     │   └── dom_query v0.27.0 (*)
     ├── tao v0.35.3 (*)
     ├── tower-http v0.6.11
     │   └── reqwest v0.13.4
     │       └── tauri v2.11.5 (*)
     ├── wayland-client v0.31.14 (*)
     ├── wayland-protocols v0.32.13 (*)
     └── wayland-protocols-wlr v0.3.12 (*)

warning[duplicate]: found 2 duplicate entries for crate 'foldhash'
    ┌─ /home/senol/Git/Muxsmith/Cargo.lock:110:1
    │  
110 │ ╭ foldhash 0.1.5 registry+https://github.com/rust-lang/crates.io-index
111 │ │ foldhash 0.2.0 registry+https://github.com/rust-lang/crates.io-index
    │ ╰────────────────────────────────────────────────────────────────────┘ lock entries
    │  
    ├ foldhash v0.1.5
      └── hashbrown v0.15.5
          └── petgraph v0.8.3
              └── tree_magic_mini v3.2.2
                  └── wl-clipboard-rs v0.9.3
                      └── arboard v3.6.1
                          └── tauri-plugin-clipboard-manager v2.3.2
                              └── muxsmith-gui v0.1.0
    ├ foldhash v0.2.0
      └── dom_query v0.27.0
          ├── tauri-utils v2.9.3
          │   ├── tauri v2.11.5
          │   │   ├── muxsmith-gui v0.1.0
          │   │   ├── tauri-plugin-clipboard-manager v2.3.2
          │   │   │   └── muxsmith-gui v0.1.0 (*)
          │   │   ├── tauri-plugin-dialog v2.7.1
          │   │   │   └── muxsmith-gui v0.1.0 (*)
          │   │   ├── tauri-plugin-fs v2.5.1
          │   │   │   ├── muxsmith-gui v0.1.0 (*)
          │   │   │   └── tauri-plugin-dialog v2.7.1 (*)
          │   │   └── tauri-plugin-os v2.3.2
          │   │       └── muxsmith-gui v0.1.0 (*)
          │   ├── tauri-build v2.6.3
          │   │   ├── (build) muxsmith-gui v0.1.0 (*)
          │   │   └── (build) tauri v2.11.5 (*)
          │   ├── tauri-codegen v2.6.3
          │   │   └── tauri-macros v2.6.3
          │   │       └── tauri v2.11.5 (*)
          │   ├── tauri-macros v2.6.3 (*)
          │   ├── tauri-plugin v2.6.3
          │   │   ├── (build) tauri-plugin-clipboard-manager v2.3.2 (*)
          │   │   ├── (build) tauri-plugin-dialog v2.7.1 (*)
          │   │   ├── (build) tauri-plugin-fs v2.5.1 (*)
          │   │   └── (build) tauri-plugin-os v2.3.2 (*)
          │   ├── (build) tauri-plugin-fs v2.5.1 (*)
          │   ├── tauri-runtime v2.11.3
          │   │   ├── tauri v2.11.5 (*)
          │   │   └── tauri-runtime-wry v2.11.4
          │   │       └── tauri v2.11.5 (*)
          │   └── tauri-runtime-wry v2.11.4 (*)
          └── wry v0.55.1
              └── tauri-runtime-wry v2.11.4 (*)

warning[duplicate]: found 3 duplicate entries for crate 'getrandom'
    ┌─ /home/senol/Git/Muxsmith/Cargo.lock:133:1
    │  
133 │ ╭ getrandom 0.2.17 registry+https://github.com/rust-lang/crates.io-index
134 │ │ getrandom 0.3.4 registry+https://github.com/rust-lang/crates.io-index
135 │ │ getrandom 0.4.3 registry+https://github.com/rust-lang/crates.io-index
    │ ╰─────────────────────────────────────────────────────────────────────┘ lock entries
    │  
    ├ getrandom v0.2.17
      └── redox_users v0.5.2
          └── dirs-sys v0.5.0
              └── dirs v6.0.0
                  ├── muxsmith-core v0.1.0
                  │   ├── muxsmith-cli v0.1.0
                  │   └── muxsmith-gui v0.1.0
                  ├── muxsmith-gui v0.1.0 (*)
                  ├── tauri v2.11.5
                  │   ├── muxsmith-gui v0.1.0 (*)
                  │   ├── tauri-plugin-clipboard-manager v2.3.2
                  │   │   └── muxsmith-gui v0.1.0 (*)
                  │   ├── tauri-plugin-dialog v2.7.1
                  │   │   └── muxsmith-gui v0.1.0 (*)
                  │   ├── tauri-plugin-fs v2.5.1
                  │   │   ├── muxsmith-gui v0.1.0 (*)
                  │   │   └── tauri-plugin-dialog v2.7.1 (*)
                  │   └── tauri-plugin-os v2.3.2
                  │       └── muxsmith-gui v0.1.0 (*)
                  ├── tauri-build v2.6.3
                  │   ├── (build) muxsmith-gui v0.1.0 (*)
                  │   └── (build) tauri v2.11.5 (*)
                  └── wry v0.55.1
                      └── tauri-runtime-wry v2.11.4
                          └── tauri v2.11.5 (*)
    ├ getrandom v0.3.4
      ├── rand_core v0.9.5
      │   ├── rand v0.9.5
      │   │   └── proptest v1.11.0
      │   │       └── (dev) muxsmith-core v0.1.0
      │   │           ├── muxsmith-cli v0.1.0
      │   │           └── muxsmith-gui v0.1.0
      │   ├── rand_chacha v0.9.0
      │   │   └── proptest v1.11.0 (*)
      │   └── rand_xorshift v0.4.0
      │       └── proptest v1.11.0 (*)
      └── tauri v2.11.5
          ├── muxsmith-gui v0.1.0 (*)
          ├── tauri-plugin-clipboard-manager v2.3.2
          │   └── muxsmith-gui v0.1.0 (*)
          ├── tauri-plugin-dialog v2.7.1
          │   └── muxsmith-gui v0.1.0 (*)
          ├── tauri-plugin-fs v2.5.1
          │   ├── muxsmith-gui v0.1.0 (*)
          │   └── tauri-plugin-dialog v2.7.1 (*)
          └── tauri-plugin-os v2.3.2
              └── muxsmith-gui v0.1.0 (*)
    ├ getrandom v0.4.3
      ├── tempfile v3.27.0
      │   ├── insta v1.48.0
      │   │   └── (dev) muxsmith-cli v0.1.0
      │   ├── (dev) muxsmith-cli v0.1.0 (*)
      │   ├── (dev) muxsmith-core v0.1.0
      │   │   ├── muxsmith-cli v0.1.0 (*)
      │   │   └── muxsmith-gui v0.1.0
      │   ├── (dev) muxsmith-gui v0.1.0 (*)
      │   ├── proptest v1.11.0
      │   │   └── (dev) muxsmith-core v0.1.0 (*)
      │   └── rusty-fork v0.3.1
      │       └── proptest v1.11.0 (*)
      └── uuid v1.23.4
          ├── cfb v0.7.3
          │   └── infer v0.19.0
          │       └── tauri-utils v2.9.3
          │           ├── tauri v2.11.5
          │           │   ├── muxsmith-gui v0.1.0 (*)
          │           │   ├── tauri-plugin-clipboard-manager v2.3.2
          │           │   │   └── muxsmith-gui v0.1.0 (*)
          │           │   ├── tauri-plugin-dialog v2.7.1
          │           │   │   └── muxsmith-gui v0.1.0 (*)
          │           │   ├── tauri-plugin-fs v2.5.1
          │           │   │   ├── muxsmith-gui v0.1.0 (*)
          │           │   │   └── tauri-plugin-dialog v2.7.1 (*)
          │           │   └── tauri-plugin-os v2.3.2
          │           │       └── muxsmith-gui v0.1.0 (*)
          │           ├── tauri-build v2.6.3
          │           │   ├── (build) muxsmith-gui v0.1.0 (*)
          │           │   └── (build) tauri v2.11.5 (*)
          │           ├── tauri-codegen v2.6.3
          │           │   └── tauri-macros v2.6.3
          │           │       └── tauri v2.11.5 (*)
          │           ├── tauri-macros v2.6.3 (*)
          │           ├── tauri-plugin v2.6.3
          │           │   ├── (build) tauri-plugin-clipboard-manager v2.3.2 (*)
          │           │   ├── (build) tauri-plugin-dialog v2.7.1 (*)
          │           │   ├── (build) tauri-plugin-fs v2.5.1 (*)
          │           │   └── (build) tauri-plugin-os v2.3.2 (*)
          │           ├── (build) tauri-plugin-fs v2.5.1 (*)
          │           ├── tauri-runtime v2.11.3
          │           │   ├── tauri v2.11.5 (*)
          │           │   └── tauri-runtime-wry v2.11.4
          │           │       └── tauri v2.11.5 (*)
          │           └── tauri-runtime-wry v2.11.4 (*)
          ├── schemars v0.8.22
          │   ├── tauri-build v2.6.3 (*)
          │   ├── tauri-plugin v2.6.3 (*)
          │   ├── (build) tauri-plugin-fs v2.5.1 (*)
          │   └── tauri-utils v2.9.3 (*)
          ├── tauri-codegen v2.6.3 (*)
          └── tauri-utils v2.9.3 (*)

warning[duplicate]: found 3 duplicate entries for crate 'hashbrown'
    ┌─ /home/senol/Git/Muxsmith/Cargo.lock:147:1
    │  
147 │ ╭ hashbrown 0.12.3 registry+https://github.com/rust-lang/crates.io-index
148 │ │ hashbrown 0.15.5 registry+https://github.com/rust-lang/crates.io-index
149 │ │ hashbrown 0.17.1 registry+https://github.com/rust-lang/crates.io-index
    │ ╰──────────────────────────────────────────────────────────────────────┘ lock entries
    │  
    ├ hashbrown v0.12.3
      └── indexmap v1.9.3
          └── schemars v0.8.22
              ├── tauri-build v2.6.3
              │   ├── (build) muxsmith-gui v0.1.0
              │   └── (build) tauri v2.11.5
              │       ├── muxsmith-gui v0.1.0 (*)
              │       ├── tauri-plugin-clipboard-manager v2.3.2
              │       │   └── muxsmith-gui v0.1.0 (*)
              │       ├── tauri-plugin-dialog v2.7.1
              │       │   └── muxsmith-gui v0.1.0 (*)
              │       ├── tauri-plugin-fs v2.5.1
              │       │   ├── muxsmith-gui v0.1.0 (*)
              │       │   └── tauri-plugin-dialog v2.7.1 (*)
              │       └── tauri-plugin-os v2.3.2
              │           └── muxsmith-gui v0.1.0 (*)
              ├── tauri-plugin v2.6.3
              │   ├── (build) tauri-plugin-clipboard-manager v2.3.2 (*)
              │   ├── (build) tauri-plugin-dialog v2.7.1 (*)
              │   ├── (build) tauri-plugin-fs v2.5.1 (*)
              │   └── (build) tauri-plugin-os v2.3.2 (*)
              ├── (build) tauri-plugin-fs v2.5.1 (*)
              └── tauri-utils v2.9.3
                  ├── tauri v2.11.5 (*)
                  ├── tauri-build v2.6.3 (*)
                  ├── tauri-codegen v2.6.3
                  │   └── tauri-macros v2.6.3
                  │       └── tauri v2.11.5 (*)
                  ├── tauri-macros v2.6.3 (*)
                  ├── tauri-plugin v2.6.3 (*)
                  ├── (build) tauri-plugin-fs v2.5.1 (*)
                  ├── tauri-runtime v2.11.3
                  │   ├── tauri v2.11.5 (*)
                  │   └── tauri-runtime-wry v2.11.4
                  │       └── tauri v2.11.5 (*)
                  └── tauri-runtime-wry v2.11.4 (*)
    ├ hashbrown v0.15.5
      └── petgraph v0.8.3
          └── tree_magic_mini v3.2.2
              └── wl-clipboard-rs v0.9.3
                  └── arboard v3.6.1
                      └── tauri-plugin-clipboard-manager v2.3.2
                          └── muxsmith-gui v0.1.0
    ├ hashbrown v0.17.1
      └── indexmap v2.14.0
          ├── petgraph v0.8.3
          │   └── tree_magic_mini v3.2.2
          │       └── wl-clipboard-rs v0.9.3
          │           └── arboard v3.6.1
          │               └── tauri-plugin-clipboard-manager v2.3.2
          │                   └── muxsmith-gui v0.1.0
          ├── plist v1.10.0
          │   ├── tauri v2.11.5
          │   │   ├── muxsmith-gui v0.1.0 (*)
          │   │   ├── tauri-plugin-clipboard-manager v2.3.2 (*)
          │   │   ├── tauri-plugin-dialog v2.7.1
          │   │   │   └── muxsmith-gui v0.1.0 (*)
          │   │   ├── tauri-plugin-fs v2.5.1
          │   │   │   ├── muxsmith-gui v0.1.0 (*)
          │   │   │   └── tauri-plugin-dialog v2.7.1 (*)
          │   │   └── tauri-plugin-os v2.3.2
          │   │       └── muxsmith-gui v0.1.0 (*)
          │   ├── tauri-codegen v2.6.3
          │   │   └── tauri-macros v2.6.3
          │   │       └── tauri v2.11.5 (*)
          │   ├── tauri-plugin v2.6.3
          │   │   ├── (build) tauri-plugin-clipboard-manager v2.3.2 (*)
          │   │   ├── (build) tauri-plugin-dialog v2.7.1 (*)
          │   │   ├── (build) tauri-plugin-fs v2.5.1 (*)
          │   │   └── (build) tauri-plugin-os v2.3.2 (*)
          │   └── tauri-utils v2.9.3
          │       ├── tauri v2.11.5 (*)
          │       ├── tauri-build v2.6.3
          │       │   ├── (build) muxsmith-gui v0.1.0 (*)
          │       │   └── (build) tauri v2.11.5 (*)
          │       ├── tauri-codegen v2.6.3 (*)
          │       ├── tauri-macros v2.6.3 (*)
          │       ├── tauri-plugin v2.6.3 (*)
          │       ├── (build) tauri-plugin-fs v2.5.1 (*)
          │       ├── tauri-runtime v2.11.3
          │       │   ├── tauri v2.11.5 (*)
          │       │   └── tauri-runtime-wry v2.11.4
          │       │       └── tauri v2.11.5 (*)
          │       └── tauri-runtime-wry v2.11.4 (*)
          ├── toml_edit v0.19.15
          │   └── proc-macro-crate v1.3.1
          │       └── gtk3-macros v0.18.2
          │           └── gtk v0.18.2
          │               ├── muda v0.19.3
          │               │   └── tauri v2.11.5 (*)
          │               ├── tao v0.35.3
          │               │   └── tauri-runtime-wry v2.11.4 (*)
          │               ├── tauri v2.11.5 (*)
          │               ├── tauri-runtime v2.11.3 (*)
          │               ├── tauri-runtime-wry v2.11.4 (*)
          │               ├── webkit2gtk v2.0.2
          │               │   ├── tauri v2.11.5 (*)
          │               │   ├── tauri-runtime v2.11.3 (*)
          │               │   ├── tauri-runtime-wry v2.11.4 (*)
          │               │   └── wry v0.55.1
          │               │       └── tauri-runtime-wry v2.11.4 (*)
          │               └── wry v0.55.1 (*)
          ├── toml_edit v0.20.2
          │   ├── proc-macro-crate v2.0.2
          │   │   └── glib-macros v0.18.5
          │   │       └── glib v0.18.5
          │   │           ├── atk v0.18.2
          │   │           │   └── gtk v0.18.2 (*)
          │   │           ├── cairo-rs v0.18.5
          │   │           │   ├── gdk v0.18.2
          │   │           │   │   ├── gdkx11 v0.18.2
          │   │           │   │   │   └── wry v0.55.1 (*)
          │   │           │   │   ├── gtk v0.18.2 (*)
          │   │           │   │   └── webkit2gtk v2.0.2 (*)
          │   │           │   ├── gtk v0.18.2 (*)
          │   │           │   └── webkit2gtk v2.0.2 (*)
          │   │           ├── gdk v0.18.2 (*)
          │   │           ├── gdk-pixbuf v0.18.5
          │   │           │   ├── gdk v0.18.2 (*)
          │   │           │   └── gtk v0.18.2 (*)
          │   │           ├── gdkx11 v0.18.2 (*)
          │   │           ├── gio v0.18.4
          │   │           │   ├── gdk v0.18.2 (*)
          │   │           │   ├── gdk-pixbuf v0.18.5 (*)
          │   │           │   ├── gdkx11 v0.18.2 (*)
          │   │           │   ├── gtk v0.18.2 (*)
          │   │           │   ├── pango v0.18.3
          │   │           │   │   ├── gdk v0.18.2 (*)
          │   │           │   │   └── gtk v0.18.2 (*)
          │   │           │   ├── soup3 v0.5.0
          │   │           │   │   ├── webkit2gtk v2.0.2 (*)
          │   │           │   │   └── wry v0.55.1 (*)
          │   │           │   └── webkit2gtk v2.0.2 (*)
          │   │           ├── gtk v0.18.2 (*)
          │   │           ├── javascriptcore-rs v1.1.2
          │   │           │   ├── webkit2gtk v2.0.2 (*)
          │   │           │   └── wry v0.55.1 (*)
          │   │           ├── pango v0.18.3 (*)
          │   │           ├── soup3 v0.5.0 (*)
          │   │           └── webkit2gtk v2.0.2 (*)
          │   └── toml v0.8.2
          │       └── system-deps v6.2.2
          │           ├── (build) atk-sys v0.18.2
          │           │   ├── atk v0.18.2 (*)
          │           │   └── gtk-sys v0.18.2
          │           │       ├── gtk v0.18.2 (*)
          │           │       ├── rfd v0.16.0
          │           │       │   └── tauri-plugin-dialog v2.7.1 (*)
          │           │       ├── webkit2gtk v2.0.2 (*)
          │           │       └── webkit2gtk-sys v2.0.2
          │           │           ├── webkit2gtk v2.0.2 (*)
          │           │           └── wry v0.55.1 (*)
          │           ├── (build) cairo-sys-rs v0.18.2
          │           │   ├── cairo-rs v0.18.5 (*)
          │           │   ├── gdk-sys v0.18.2
          │           │   │   ├── gdk v0.18.2 (*)
          │           │   │   ├── gdkwayland-sys v0.18.2
          │           │   │   │   └── tao v0.35.3 (*)
          │           │   │   ├── gdkx11-sys v0.18.2
          │           │   │   │   ├── gdkx11 v0.18.2 (*)
          │           │   │   │   └── tao v0.35.3 (*)
          │           │   │   ├── gtk-sys v0.18.2 (*)
          │           │   │   ├── webkit2gtk v2.0.2 (*)
          │           │   │   └── webkit2gtk-sys v2.0.2 (*)
          │           │   ├── gtk-sys v0.18.2 (*)
          │           │   └── webkit2gtk-sys v2.0.2 (*)
          │           ├── (build) gdk-pixbuf-sys v0.18.0
          │           │   ├── gdk-pixbuf v0.18.5 (*)
          │           │   ├── gdk-sys v0.18.2 (*)
          │           │   └── gtk-sys v0.18.2 (*)
          │           ├── (build) gdk-sys v0.18.2 (*)
          │           ├── (build) gdkwayland-sys v0.18.2 (*)
          │           ├── (build) gdkx11-sys v0.18.2 (*)
          │           ├── (build) gio-sys v0.18.1
          │           │   ├── gdk-pixbuf-sys v0.18.0 (*)
          │           │   ├── gdk-sys v0.18.2 (*)
          │           │   ├── gio v0.18.4 (*)
          │           │   ├── glib v0.18.5 (*)
          │           │   ├── gtk-sys v0.18.2 (*)
          │           │   ├── soup3-sys v0.5.0
          │           │   │   ├── soup3 v0.5.0 (*)
          │           │   │   └── webkit2gtk-sys v2.0.2 (*)
          │           │   ├── webkit2gtk v2.0.2 (*)
          │           │   └── webkit2gtk-sys v2.0.2 (*)
          │           ├── (build) glib-sys v0.18.1
          │           │   ├── atk-sys v0.18.2 (*)
          │           │   ├── cairo-sys-rs v0.18.2 (*)
          │           │   ├── gdk-pixbuf-sys v0.18.0 (*)
          │           │   ├── gdk-sys v0.18.2 (*)
          │           │   ├── gdkwayland-sys v0.18.2 (*)
          │           │   ├── gdkx11-sys v0.18.2 (*)
          │           │   ├── gio-sys v0.18.1 (*)
          │           │   ├── glib v0.18.5 (*)
          │           │   ├── gobject-sys v0.18.0
          │           │   │   ├── atk-sys v0.18.2 (*)
          │           │   │   ├── gdk-pixbuf-sys v0.18.0 (*)
          │           │   │   ├── gdk-sys v0.18.2 (*)
          │           │   │   ├── gdkwayland-sys v0.18.2 (*)
          │           │   │   ├── gio-sys v0.18.1 (*)
          │           │   │   ├── glib v0.18.5 (*)
          │           │   │   ├── gtk-sys v0.18.2 (*)
          │           │   │   ├── javascriptcore-rs-sys v1.1.1
          │           │   │   │   ├── javascriptcore-rs v1.1.2 (*)
          │           │   │   │   └── webkit2gtk-sys v2.0.2 (*)
          │           │   │   ├── pango-sys v0.18.0
          │           │   │   │   ├── gdk-sys v0.18.2 (*)
          │           │   │   │   ├── gtk-sys v0.18.2 (*)
          │           │   │   │   └── pango v0.18.3 (*)
          │           │   │   ├── rfd v0.16.0 (*)
          │           │   │   ├── soup3-sys v0.5.0 (*)
          │           │   │   ├── webkit2gtk v2.0.2 (*)
          │           │   │   └── webkit2gtk-sys v2.0.2 (*)
          │           │   ├── gtk-sys v0.18.2 (*)
          │           │   ├── javascriptcore-rs-sys v1.1.1 (*)
          │           │   ├── pango-sys v0.18.0 (*)
          │           │   ├── rfd v0.16.0 (*)
          │           │   ├── soup3-sys v0.5.0 (*)
          │           │   ├── webkit2gtk v2.0.2 (*)
          │           │   └── webkit2gtk-sys v2.0.2 (*)
          │           ├── (build) gobject-sys v0.18.0 (*)
          │           ├── (build) gtk-sys v0.18.2 (*)
          │           ├── (build) javascriptcore-rs-sys v1.1.1 (*)
          │           ├── (build) pango-sys v0.18.0 (*)
          │           ├── (build) soup3-sys v0.5.0 (*)
          │           └── (build) webkit2gtk-sys v2.0.2 (*)
          ├── toml_edit v0.25.12+spec-1.1.0
          │   └── proc-macro-crate v3.5.0
          │       └── num_enum_derive v0.7.6
          │           └── num_enum v0.7.6
          │               └── ndk v0.9.0
          │                   ├── softbuffer v0.4.8
          │                   │   └── tauri-runtime-wry v2.11.4 (*)
          │                   ├── tao v0.35.3 (*)
          │                   └── wry v0.55.1 (*)
          └── yaml_serde v0.10.4
              └── muxsmith-core v0.1.0
                  ├── muxsmith-cli v0.1.0
                  └── muxsmith-gui v0.1.0 (*)

warning[duplicate]: found 2 duplicate entries for crate 'heck'
    ┌─ /home/senol/Git/Muxsmith/Cargo.lock:150:1
    │  
150 │ ╭ heck 0.4.1 registry+https://github.com/rust-lang/crates.io-index
151 │ │ heck 0.5.0 registry+https://github.com/rust-lang/crates.io-index
    │ ╰────────────────────────────────────────────────────────────────┘ lock entries
    │  
    ├ heck v0.4.1
      └── glib-macros v0.18.5
          └── glib v0.18.5
              ├── atk v0.18.2
              │   └── gtk v0.18.2
              │       ├── muda v0.19.3
              │       │   └── tauri v2.11.5
              │       │       ├── muxsmith-gui v0.1.0
              │       │       ├── tauri-plugin-clipboard-manager v2.3.2
              │       │       │   └── muxsmith-gui v0.1.0 (*)
              │       │       ├── tauri-plugin-dialog v2.7.1
              │       │       │   └── muxsmith-gui v0.1.0 (*)
              │       │       ├── tauri-plugin-fs v2.5.1
              │       │       │   ├── muxsmith-gui v0.1.0 (*)
              │       │       │   └── tauri-plugin-dialog v2.7.1 (*)
              │       │       └── tauri-plugin-os v2.3.2
              │       │           └── muxsmith-gui v0.1.0 (*)
              │       ├── tao v0.35.3
              │       │   └── tauri-runtime-wry v2.11.4
              │       │       └── tauri v2.11.5 (*)
              │       ├── tauri v2.11.5 (*)
              │       ├── tauri-runtime v2.11.3
              │       │   ├── tauri v2.11.5 (*)
              │       │   └── tauri-runtime-wry v2.11.4 (*)
              │       ├── tauri-runtime-wry v2.11.4 (*)
              │       ├── webkit2gtk v2.0.2
              │       │   ├── tauri v2.11.5 (*)
              │       │   ├── tauri-runtime v2.11.3 (*)
              │       │   ├── tauri-runtime-wry v2.11.4 (*)
              │       │   └── wry v0.55.1
              │       │       └── tauri-runtime-wry v2.11.4 (*)
              │       └── wry v0.55.1 (*)
              ├── cairo-rs v0.18.5
              │   ├── gdk v0.18.2
              │   │   ├── gdkx11 v0.18.2
              │   │   │   └── wry v0.55.1 (*)
              │   │   ├── gtk v0.18.2 (*)
              │   │   └── webkit2gtk v2.0.2 (*)
              │   ├── gtk v0.18.2 (*)
              │   └── webkit2gtk v2.0.2 (*)
              ├── gdk v0.18.2 (*)
              ├── gdk-pixbuf v0.18.5
              │   ├── gdk v0.18.2 (*)
              │   └── gtk v0.18.2 (*)
              ├── gdkx11 v0.18.2 (*)
              ├── gio v0.18.4
              │   ├── gdk v0.18.2 (*)
              │   ├── gdk-pixbuf v0.18.5 (*)
              │   ├── gdkx11 v0.18.2 (*)
              │   ├── gtk v0.18.2 (*)
              │   ├── pango v0.18.3
              │   │   ├── gdk v0.18.2 (*)
              │   │   └── gtk v0.18.2 (*)
              │   ├── soup3 v0.5.0
              │   │   ├── webkit2gtk v2.0.2 (*)
              │   │   └── wry v0.55.1 (*)
              │   └── webkit2gtk v2.0.2 (*)
              ├── gtk v0.18.2 (*)
              ├── javascriptcore-rs v1.1.2
              │   ├── webkit2gtk v2.0.2 (*)
              │   └── wry v0.55.1 (*)
              ├── pango v0.18.3 (*)
              ├── soup3 v0.5.0 (*)
              └── webkit2gtk v2.0.2 (*)
    ├ heck v0.5.0
      ├── clap_derive v4.6.1
      │   └── clap v4.6.1
      │       └── muxsmith-cli v0.1.0
      ├── system-deps v6.2.2
      │   ├── (build) atk-sys v0.18.2
      │   │   ├── atk v0.18.2
      │   │   │   └── gtk v0.18.2
      │   │   │       ├── muda v0.19.3
      │   │   │       │   └── tauri v2.11.5
      │   │   │       │       ├── muxsmith-gui v0.1.0
      │   │   │       │       ├── tauri-plugin-clipboard-manager v2.3.2
      │   │   │       │       │   └── muxsmith-gui v0.1.0 (*)
      │   │   │       │       ├── tauri-plugin-dialog v2.7.1
      │   │   │       │       │   └── muxsmith-gui v0.1.0 (*)
      │   │   │       │       ├── tauri-plugin-fs v2.5.1
      │   │   │       │       │   ├── muxsmith-gui v0.1.0 (*)
      │   │   │       │       │   └── tauri-plugin-dialog v2.7.1 (*)
      │   │   │       │       └── tauri-plugin-os v2.3.2
      │   │   │       │           └── muxsmith-gui v0.1.0 (*)
      │   │   │       ├── tao v0.35.3
      │   │   │       │   └── tauri-runtime-wry v2.11.4
      │   │   │       │       └── tauri v2.11.5 (*)
      │   │   │       ├── tauri v2.11.5 (*)
      │   │   │       ├── tauri-runtime v2.11.3
      │   │   │       │   ├── tauri v2.11.5 (*)
      │   │   │       │   └── tauri-runtime-wry v2.11.4 (*)
      │   │   │       ├── tauri-runtime-wry v2.11.4 (*)
      │   │   │       ├── webkit2gtk v2.0.2
      │   │   │       │   ├── tauri v2.11.5 (*)
      │   │   │       │   ├── tauri-runtime v2.11.3 (*)
      │   │   │       │   ├── tauri-runtime-wry v2.11.4 (*)
      │   │   │       │   └── wry v0.55.1
      │   │   │       │       └── tauri-runtime-wry v2.11.4 (*)
      │   │   │       └── wry v0.55.1 (*)
      │   │   └── gtk-sys v0.18.2
      │   │       ├── gtk v0.18.2 (*)
      │   │       ├── rfd v0.16.0
      │   │       │   └── tauri-plugin-dialog v2.7.1 (*)
      │   │       ├── webkit2gtk v2.0.2 (*)
      │   │       └── webkit2gtk-sys v2.0.2
      │   │           ├── webkit2gtk v2.0.2 (*)
      │   │           └── wry v0.55.1 (*)
      │   ├── (build) cairo-sys-rs v0.18.2
      │   │   ├── cairo-rs v0.18.5
      │   │   │   ├── gdk v0.18.2
      │   │   │   │   ├── gdkx11 v0.18.2
      │   │   │   │   │   └── wry v0.55.1 (*)
      │   │   │   │   ├── gtk v0.18.2 (*)
      │   │   │   │   └── webkit2gtk v2.0.2 (*)
      │   │   │   ├── gtk v0.18.2 (*)
      │   │   │   └── webkit2gtk v2.0.2 (*)
      │   │   ├── gdk-sys v0.18.2
      │   │   │   ├── gdk v0.18.2 (*)
      │   │   │   ├── gdkwayland-sys v0.18.2
      │   │   │   │   └── tao v0.35.3 (*)
      │   │   │   ├── gdkx11-sys v0.18.2
      │   │   │   │   ├── gdkx11 v0.18.2 (*)
      │   │   │   │   └── tao v0.35.3 (*)
      │   │   │   ├── gtk-sys v0.18.2 (*)
      │   │   │   ├── webkit2gtk v2.0.2 (*)
      │   │   │   └── webkit2gtk-sys v2.0.2 (*)
      │   │   ├── gtk-sys v0.18.2 (*)
      │   │   └── webkit2gtk-sys v2.0.2 (*)
      │   ├── (build) gdk-pixbuf-sys v0.18.0
      │   │   ├── gdk-pixbuf v0.18.5
      │   │   │   ├── gdk v0.18.2 (*)
      │   │   │   └── gtk v0.18.2 (*)
      │   │   ├── gdk-sys v0.18.2 (*)
      │   │   └── gtk-sys v0.18.2 (*)
      │   ├── (build) gdk-sys v0.18.2 (*)
      │   ├── (build) gdkwayland-sys v0.18.2 (*)
      │   ├── (build) gdkx11-sys v0.18.2 (*)
      │   ├── (build) gio-sys v0.18.1
      │   │   ├── gdk-pixbuf-sys v0.18.0 (*)
      │   │   ├── gdk-sys v0.18.2 (*)
      │   │   ├── gio v0.18.4
      │   │   │   ├── gdk v0.18.2 (*)
      │   │   │   ├── gdk-pixbuf v0.18.5 (*)
      │   │   │   ├── gdkx11 v0.18.2 (*)
      │   │   │   ├── gtk v0.18.2 (*)
      │   │   │   ├── pango v0.18.3
      │   │   │   │   ├── gdk v0.18.2 (*)
      │   │   │   │   └── gtk v0.18.2 (*)
      │   │   │   ├── soup3 v0.5.0
      │   │   │   │   ├── webkit2gtk v2.0.2 (*)
      │   │   │   │   └── wry v0.55.1 (*)
      │   │   │   └── webkit2gtk v2.0.2 (*)
      │   │   ├── glib v0.18.5
      │   │   │   ├── atk v0.18.2 (*)
      │   │   │   ├── cairo-rs v0.18.5 (*)
      │   │   │   ├── gdk v0.18.2 (*)
      │   │   │   ├── gdk-pixbuf v0.18.5 (*)
      │   │   │   ├── gdkx11 v0.18.2 (*)
      │   │   │   ├── gio v0.18.4 (*)
      │   │   │   ├── gtk v0.18.2 (*)
      │   │   │   ├── javascriptcore-rs v1.1.2
      │   │   │   │   ├── webkit2gtk v2.0.2 (*)
      │   │   │   │   └── wry v0.55.1 (*)
      │   │   │   ├── pango v0.18.3 (*)
      │   │   │   ├── soup3 v0.5.0 (*)
      │   │   │   └── webkit2gtk v2.0.2 (*)
      │   │   ├── gtk-sys v0.18.2 (*)
      │   │   ├── soup3-sys v0.5.0
      │   │   │   ├── soup3 v0.5.0 (*)
      │   │   │   └── webkit2gtk-sys v2.0.2 (*)
      │   │   ├── webkit2gtk v2.0.2 (*)
      │   │   └── webkit2gtk-sys v2.0.2 (*)
      │   ├── (build) glib-sys v0.18.1
      │   │   ├── atk-sys v0.18.2 (*)
      │   │   ├── cairo-sys-rs v0.18.2 (*)
      │   │   ├── gdk-pixbuf-sys v0.18.0 (*)
      │   │   ├── gdk-sys v0.18.2 (*)
      │   │   ├── gdkwayland-sys v0.18.2 (*)
      │   │   ├── gdkx11-sys v0.18.2 (*)
      │   │   ├── gio-sys v0.18.1 (*)
      │   │   ├── glib v0.18.5 (*)
      │   │   ├── gobject-sys v0.18.0
      │   │   │   ├── atk-sys v0.18.2 (*)
      │   │   │   ├── gdk-pixbuf-sys v0.18.0 (*)
      │   │   │   ├── gdk-sys v0.18.2 (*)
      │   │   │   ├── gdkwayland-sys v0.18.2 (*)
      │   │   │   ├── gio-sys v0.18.1 (*)
      │   │   │   ├── glib v0.18.5 (*)
      │   │   │   ├── gtk-sys v0.18.2 (*)
      │   │   │   ├── javascriptcore-rs-sys v1.1.1
      │   │   │   │   ├── javascriptcore-rs v1.1.2 (*)
      │   │   │   │   └── webkit2gtk-sys v2.0.2 (*)
      │   │   │   ├── pango-sys v0.18.0
      │   │   │   │   ├── gdk-sys v0.18.2 (*)
      │   │   │   │   ├── gtk-sys v0.18.2 (*)
      │   │   │   │   └── pango v0.18.3 (*)
      │   │   │   ├── rfd v0.16.0 (*)
      │   │   │   ├── soup3-sys v0.5.0 (*)
      │   │   │   ├── webkit2gtk v2.0.2 (*)
      │   │   │   └── webkit2gtk-sys v2.0.2 (*)
      │   │   ├── gtk-sys v0.18.2 (*)
      │   │   ├── javascriptcore-rs-sys v1.1.1 (*)
      │   │   ├── pango-sys v0.18.0 (*)
      │   │   ├── rfd v0.16.0 (*)
      │   │   ├── soup3-sys v0.5.0 (*)
      │   │   ├── webkit2gtk v2.0.2 (*)
      │   │   └── webkit2gtk-sys v2.0.2 (*)
      │   ├── (build) gobject-sys v0.18.0 (*)
      │   ├── (build) gtk-sys v0.18.2 (*)
      │   ├── (build) javascriptcore-rs-sys v1.1.1 (*)
      │   ├── (build) pango-sys v0.18.0 (*)
      │   ├── (build) soup3-sys v0.5.0 (*)
      │   └── (build) webkit2gtk-sys v2.0.2 (*)
      ├── (build) tauri v2.11.5 (*)
      ├── tauri-build v2.6.3
      │   ├── (build) muxsmith-gui v0.1.0 (*)
      │   └── (build) tauri v2.11.5 (*)
      └── tauri-macros v2.6.3
          └── tauri v2.11.5 (*)

warning[duplicate]: found 2 duplicate entries for crate 'indexmap'
    ┌─ /home/senol/Git/Muxsmith/Cargo.lock:171:1
    │  
171 │ ╭ indexmap 1.9.3 registry+https://github.com/rust-lang/crates.io-index
172 │ │ indexmap 2.14.0 registry+https://github.com/rust-lang/crates.io-index
    │ ╰─────────────────────────────────────────────────────────────────────┘ lock entries
    │  
    ├ indexmap v1.9.3
      └── schemars v0.8.22
          ├── tauri-build v2.6.3
          │   ├── (build) muxsmith-gui v0.1.0
          │   └── (build) tauri v2.11.5
          │       ├── muxsmith-gui v0.1.0 (*)
          │       ├── tauri-plugin-clipboard-manager v2.3.2
          │       │   └── muxsmith-gui v0.1.0 (*)
          │       ├── tauri-plugin-dialog v2.7.1
          │       │   └── muxsmith-gui v0.1.0 (*)
          │       ├── tauri-plugin-fs v2.5.1
          │       │   ├── muxsmith-gui v0.1.0 (*)
          │       │   └── tauri-plugin-dialog v2.7.1 (*)
          │       └── tauri-plugin-os v2.3.2
          │           └── muxsmith-gui v0.1.0 (*)
          ├── tauri-plugin v2.6.3
          │   ├── (build) tauri-plugin-clipboard-manager v2.3.2 (*)
          │   ├── (build) tauri-plugin-dialog v2.7.1 (*)
          │   ├── (build) tauri-plugin-fs v2.5.1 (*)
          │   └── (build) tauri-plugin-os v2.3.2 (*)
          ├── (build) tauri-plugin-fs v2.5.1 (*)
          └── tauri-utils v2.9.3
              ├── tauri v2.11.5 (*)
              ├── tauri-build v2.6.3 (*)
              ├── tauri-codegen v2.6.3
              │   └── tauri-macros v2.6.3
              │       └── tauri v2.11.5 (*)
              ├── tauri-macros v2.6.3 (*)
              ├── tauri-plugin v2.6.3 (*)
              ├── (build) tauri-plugin-fs v2.5.1 (*)
              ├── tauri-runtime v2.11.3
              │   ├── tauri v2.11.5 (*)
              │   └── tauri-runtime-wry v2.11.4
              │       └── tauri v2.11.5 (*)
              └── tauri-runtime-wry v2.11.4 (*)
    ├ indexmap v2.14.0
      ├── petgraph v0.8.3
      │   └── tree_magic_mini v3.2.2
      │       └── wl-clipboard-rs v0.9.3
      │           └── arboard v3.6.1
      │               └── tauri-plugin-clipboard-manager v2.3.2
      │                   └── muxsmith-gui v0.1.0
      ├── plist v1.10.0
      │   ├── tauri v2.11.5
      │   │   ├── muxsmith-gui v0.1.0 (*)
      │   │   ├── tauri-plugin-clipboard-manager v2.3.2 (*)
      │   │   ├── tauri-plugin-dialog v2.7.1
      │   │   │   └── muxsmith-gui v0.1.0 (*)
      │   │   ├── tauri-plugin-fs v2.5.1
      │   │   │   ├── muxsmith-gui v0.1.0 (*)
      │   │   │   └── tauri-plugin-dialog v2.7.1 (*)
      │   │   └── tauri-plugin-os v2.3.2
      │   │       └── muxsmith-gui v0.1.0 (*)
      │   ├── tauri-codegen v2.6.3
      │   │   └── tauri-macros v2.6.3
      │   │       └── tauri v2.11.5 (*)
      │   ├── tauri-plugin v2.6.3
      │   │   ├── (build) tauri-plugin-clipboard-manager v2.3.2 (*)
      │   │   ├── (build) tauri-plugin-dialog v2.7.1 (*)
      │   │   ├── (build) tauri-plugin-fs v2.5.1 (*)
      │   │   └── (build) tauri-plugin-os v2.3.2 (*)
      │   └── tauri-utils v2.9.3
      │       ├── tauri v2.11.5 (*)
      │       ├── tauri-build v2.6.3
      │       │   ├── (build) muxsmith-gui v0.1.0 (*)
      │       │   └── (build) tauri v2.11.5 (*)
      │       ├── tauri-codegen v2.6.3 (*)
      │       ├── tauri-macros v2.6.3 (*)
      │       ├── tauri-plugin v2.6.3 (*)
      │       ├── (build) tauri-plugin-fs v2.5.1 (*)
      │       ├── tauri-runtime v2.11.3
      │       │   ├── tauri v2.11.5 (*)
      │       │   └── tauri-runtime-wry v2.11.4
      │       │       └── tauri v2.11.5 (*)
      │       └── tauri-runtime-wry v2.11.4 (*)
      ├── toml_edit v0.19.15
      │   └── proc-macro-crate v1.3.1
      │       └── gtk3-macros v0.18.2
      │           └── gtk v0.18.2
      │               ├── muda v0.19.3
      │               │   └── tauri v2.11.5 (*)
      │               ├── tao v0.35.3
      │               │   └── tauri-runtime-wry v2.11.4 (*)
      │               ├── tauri v2.11.5 (*)
      │               ├── tauri-runtime v2.11.3 (*)
      │               ├── tauri-runtime-wry v2.11.4 (*)
      │               ├── webkit2gtk v2.0.2
      │               │   ├── tauri v2.11.5 (*)
      │               │   ├── tauri-runtime v2.11.3 (*)
      │               │   ├── tauri-runtime-wry v2.11.4 (*)
      │               │   └── wry v0.55.1
      │               │       └── tauri-runtime-wry v2.11.4 (*)
      │               └── wry v0.55.1 (*)
      ├── toml_edit v0.20.2
      │   ├── proc-macro-crate v2.0.2
      │   │   └── glib-macros v0.18.5
      │   │       └── glib v0.18.5
      │   │           ├── atk v0.18.2
      │   │           │   └── gtk v0.18.2 (*)
      │   │           ├── cairo-rs v0.18.5
      │   │           │   ├── gdk v0.18.2
      │   │           │   │   ├── gdkx11 v0.18.2
      │   │           │   │   │   └── wry v0.55.1 (*)
      │   │           │   │   ├── gtk v0.18.2 (*)
      │   │           │   │   └── webkit2gtk v2.0.2 (*)
      │   │           │   ├── gtk v0.18.2 (*)
      │   │           │   └── webkit2gtk v2.0.2 (*)
      │   │           ├── gdk v0.18.2 (*)
      │   │           ├── gdk-pixbuf v0.18.5
      │   │           │   ├── gdk v0.18.2 (*)
      │   │           │   └── gtk v0.18.2 (*)
      │   │           ├── gdkx11 v0.18.2 (*)
      │   │           ├── gio v0.18.4
      │   │           │   ├── gdk v0.18.2 (*)
      │   │           │   ├── gdk-pixbuf v0.18.5 (*)
      │   │           │   ├── gdkx11 v0.18.2 (*)
      │   │           │   ├── gtk v0.18.2 (*)
      │   │           │   ├── pango v0.18.3
      │   │           │   │   ├── gdk v0.18.2 (*)
      │   │           │   │   └── gtk v0.18.2 (*)
      │   │           │   ├── soup3 v0.5.0
      │   │           │   │   ├── webkit2gtk v2.0.2 (*)
      │   │           │   │   └── wry v0.55.1 (*)
      │   │           │   └── webkit2gtk v2.0.2 (*)
      │   │           ├── gtk v0.18.2 (*)
      │   │           ├── javascriptcore-rs v1.1.2
      │   │           │   ├── webkit2gtk v2.0.2 (*)
      │   │           │   └── wry v0.55.1 (*)
      │   │           ├── pango v0.18.3 (*)
      │   │           ├── soup3 v0.5.0 (*)
      │   │           └── webkit2gtk v2.0.2 (*)
      │   └── toml v0.8.2
      │       └── system-deps v6.2.2
      │           ├── (build) atk-sys v0.18.2
      │           │   ├── atk v0.18.2 (*)
      │           │   └── gtk-sys v0.18.2
      │           │       ├── gtk v0.18.2 (*)
      │           │       ├── rfd v0.16.0
      │           │       │   └── tauri-plugin-dialog v2.7.1 (*)
      │           │       ├── webkit2gtk v2.0.2 (*)
      │           │       └── webkit2gtk-sys v2.0.2
      │           │           ├── webkit2gtk v2.0.2 (*)
      │           │           └── wry v0.55.1 (*)
      │           ├── (build) cairo-sys-rs v0.18.2
      │           │   ├── cairo-rs v0.18.5 (*)
      │           │   ├── gdk-sys v0.18.2
      │           │   │   ├── gdk v0.18.2 (*)
      │           │   │   ├── gdkwayland-sys v0.18.2
      │           │   │   │   └── tao v0.35.3 (*)
      │           │   │   ├── gdkx11-sys v0.18.2
      │           │   │   │   ├── gdkx11 v0.18.2 (*)
      │           │   │   │   └── tao v0.35.3 (*)
      │           │   │   ├── gtk-sys v0.18.2 (*)
      │           │   │   ├── webkit2gtk v2.0.2 (*)
      │           │   │   └── webkit2gtk-sys v2.0.2 (*)
      │           │   ├── gtk-sys v0.18.2 (*)
      │           │   └── webkit2gtk-sys v2.0.2 (*)
      │           ├── (build) gdk-pixbuf-sys v0.18.0
      │           │   ├── gdk-pixbuf v0.18.5 (*)
      │           │   ├── gdk-sys v0.18.2 (*)
      │           │   └── gtk-sys v0.18.2 (*)
      │           ├── (build) gdk-sys v0.18.2 (*)
      │           ├── (build) gdkwayland-sys v0.18.2 (*)
      │           ├── (build) gdkx11-sys v0.18.2 (*)
      │           ├── (build) gio-sys v0.18.1
      │           │   ├── gdk-pixbuf-sys v0.18.0 (*)
      │           │   ├── gdk-sys v0.18.2 (*)
      │           │   ├── gio v0.18.4 (*)
      │           │   ├── glib v0.18.5 (*)
      │           │   ├── gtk-sys v0.18.2 (*)
      │           │   ├── soup3-sys v0.5.0
      │           │   │   ├── soup3 v0.5.0 (*)
      │           │   │   └── webkit2gtk-sys v2.0.2 (*)
      │           │   ├── webkit2gtk v2.0.2 (*)
      │           │   └── webkit2gtk-sys v2.0.2 (*)
      │           ├── (build) glib-sys v0.18.1
      │           │   ├── atk-sys v0.18.2 (*)
      │           │   ├── cairo-sys-rs v0.18.2 (*)
      │           │   ├── gdk-pixbuf-sys v0.18.0 (*)
      │           │   ├── gdk-sys v0.18.2 (*)
      │           │   ├── gdkwayland-sys v0.18.2 (*)
      │           │   ├── gdkx11-sys v0.18.2 (*)
      │           │   ├── gio-sys v0.18.1 (*)
      │           │   ├── glib v0.18.5 (*)
      │           │   ├── gobject-sys v0.18.0
      │           │   │   ├── atk-sys v0.18.2 (*)
      │           │   │   ├── gdk-pixbuf-sys v0.18.0 (*)
      │           │   │   ├── gdk-sys v0.18.2 (*)
      │           │   │   ├── gdkwayland-sys v0.18.2 (*)
      │           │   │   ├── gio-sys v0.18.1 (*)
      │           │   │   ├── glib v0.18.5 (*)
      │           │   │   ├── gtk-sys v0.18.2 (*)
      │           │   │   ├── javascriptcore-rs-sys v1.1.1
      │           │   │   │   ├── javascriptcore-rs v1.1.2 (*)
      │           │   │   │   └── webkit2gtk-sys v2.0.2 (*)
      │           │   │   ├── pango-sys v0.18.0
      │           │   │   │   ├── gdk-sys v0.18.2 (*)
      │           │   │   │   ├── gtk-sys v0.18.2 (*)
      │           │   │   │   └── pango v0.18.3 (*)
      │           │   │   ├── rfd v0.16.0 (*)
      │           │   │   ├── soup3-sys v0.5.0 (*)
      │           │   │   ├── webkit2gtk v2.0.2 (*)
      │           │   │   └── webkit2gtk-sys v2.0.2 (*)
      │           │   ├── gtk-sys v0.18.2 (*)
      │           │   ├── javascriptcore-rs-sys v1.1.1 (*)
      │           │   ├── pango-sys v0.18.0 (*)
      │           │   ├── rfd v0.16.0 (*)
      │           │   ├── soup3-sys v0.5.0 (*)
      │           │   ├── webkit2gtk v2.0.2 (*)
      │           │   └── webkit2gtk-sys v2.0.2 (*)
      │           ├── (build) gobject-sys v0.18.0 (*)
      │           ├── (build) gtk-sys v0.18.2 (*)
      │           ├── (build) javascriptcore-rs-sys v1.1.1 (*)
      │           ├── (build) pango-sys v0.18.0 (*)
      │           ├── (build) soup3-sys v0.5.0 (*)
      │           └── (build) webkit2gtk-sys v2.0.2 (*)
      ├── toml_edit v0.25.12+spec-1.1.0
      │   └── proc-macro-crate v3.5.0
      │       └── num_enum_derive v0.7.6
      │           └── num_enum v0.7.6
      │               └── ndk v0.9.0
      │                   ├── softbuffer v0.4.8
      │                   │   └── tauri-runtime-wry v2.11.4 (*)
      │                   ├── tao v0.35.3 (*)
      │                   └── wry v0.55.1 (*)
      └── yaml_serde v0.10.4
          └── muxsmith-core v0.1.0
              ├── muxsmith-cli v0.1.0
              └── muxsmith-gui v0.1.0 (*)

warning[duplicate]: found 2 duplicate entries for crate 'png'
    ┌─ /home/senol/Git/Muxsmith/Cargo.lock:254:1
    │  
254 │ ╭ png 0.17.16 registry+https://github.com/rust-lang/crates.io-index
255 │ │ png 0.18.1 registry+https://github.com/rust-lang/crates.io-index
    │ ╰────────────────────────────────────────────────────────────────┘ lock entries
    │  
    ├ png v0.17.16
      ├── ico v0.5.0
      │   └── tauri-codegen v2.6.3
      │       └── tauri-macros v2.6.3
      │           └── tauri v2.11.5
      │               ├── muxsmith-gui v0.1.0
      │               ├── tauri-plugin-clipboard-manager v2.3.2
      │               │   └── muxsmith-gui v0.1.0 (*)
      │               ├── tauri-plugin-dialog v2.7.1
      │               │   └── muxsmith-gui v0.1.0 (*)
      │               ├── tauri-plugin-fs v2.5.1
      │               │   ├── muxsmith-gui v0.1.0 (*)
      │               │   └── tauri-plugin-dialog v2.7.1 (*)
      │               └── tauri-plugin-os v2.3.2
      │                   └── muxsmith-gui v0.1.0 (*)
      └── tauri-codegen v2.6.3 (*)
    ├ png v0.18.1
      ├── image v0.25.10
      │   └── arboard v3.6.1
      │       └── tauri-plugin-clipboard-manager v2.3.2
      │           └── muxsmith-gui v0.1.0
      └── muda v0.19.3
          └── tauri v2.11.5
              ├── muxsmith-gui v0.1.0 (*)
              ├── tauri-plugin-clipboard-manager v2.3.2 (*)
              ├── tauri-plugin-dialog v2.7.1
              │   └── muxsmith-gui v0.1.0 (*)
              ├── tauri-plugin-fs v2.5.1
              │   ├── muxsmith-gui v0.1.0 (*)
              │   └── tauri-plugin-dialog v2.7.1 (*)
              └── tauri-plugin-os v2.3.2
                  └── muxsmith-gui v0.1.0 (*)

warning[duplicate]: found 3 duplicate entries for crate 'proc-macro-crate'
    ┌─ /home/senol/Git/Muxsmith/Cargo.lock:263:1
    │  
263 │ ╭ proc-macro-crate 1.3.1 registry+https://github.com/rust-lang/crates.io-index
264 │ │ proc-macro-crate 2.0.2 registry+https://github.com/rust-lang/crates.io-index
265 │ │ proc-macro-crate 3.5.0 registry+https://github.com/rust-lang/crates.io-index
    │ ╰────────────────────────────────────────────────────────────────────────────┘ lock entries
    │  
    ├ proc-macro-crate v1.3.1
      └── gtk3-macros v0.18.2
          └── gtk v0.18.2
              ├── muda v0.19.3
              │   └── tauri v2.11.5
              │       ├── muxsmith-gui v0.1.0
              │       ├── tauri-plugin-clipboard-manager v2.3.2
              │       │   └── muxsmith-gui v0.1.0 (*)
              │       ├── tauri-plugin-dialog v2.7.1
              │       │   └── muxsmith-gui v0.1.0 (*)
              │       ├── tauri-plugin-fs v2.5.1
              │       │   ├── muxsmith-gui v0.1.0 (*)
              │       │   └── tauri-plugin-dialog v2.7.1 (*)
              │       └── tauri-plugin-os v2.3.2
              │           └── muxsmith-gui v0.1.0 (*)
              ├── tao v0.35.3
              │   └── tauri-runtime-wry v2.11.4
              │       └── tauri v2.11.5 (*)
              ├── tauri v2.11.5 (*)
              ├── tauri-runtime v2.11.3
              │   ├── tauri v2.11.5 (*)
              │   └── tauri-runtime-wry v2.11.4 (*)
              ├── tauri-runtime-wry v2.11.4 (*)
              ├── webkit2gtk v2.0.2
              │   ├── tauri v2.11.5 (*)
              │   ├── tauri-runtime v2.11.3 (*)
              │   ├── tauri-runtime-wry v2.11.4 (*)
              │   └── wry v0.55.1
              │       └── tauri-runtime-wry v2.11.4 (*)
              └── wry v0.55.1 (*)
    ├ proc-macro-crate v2.0.2
      └── glib-macros v0.18.5
          └── glib v0.18.5
              ├── atk v0.18.2
              │   └── gtk v0.18.2
              │       ├── muda v0.19.3
              │       │   └── tauri v2.11.5
              │       │       ├── muxsmith-gui v0.1.0
              │       │       ├── tauri-plugin-clipboard-manager v2.3.2
              │       │       │   └── muxsmith-gui v0.1.0 (*)
              │       │       ├── tauri-plugin-dialog v2.7.1
              │       │       │   └── muxsmith-gui v0.1.0 (*)
              │       │       ├── tauri-plugin-fs v2.5.1
              │       │       │   ├── muxsmith-gui v0.1.0 (*)
              │       │       │   └── tauri-plugin-dialog v2.7.1 (*)
              │       │       └── tauri-plugin-os v2.3.2
              │       │           └── muxsmith-gui v0.1.0 (*)
              │       ├── tao v0.35.3
              │       │   └── tauri-runtime-wry v2.11.4
              │       │       └── tauri v2.11.5 (*)
              │       ├── tauri v2.11.5 (*)
              │       ├── tauri-runtime v2.11.3
              │       │   ├── tauri v2.11.5 (*)
              │       │   └── tauri-runtime-wry v2.11.4 (*)
              │       ├── tauri-runtime-wry v2.11.4 (*)
              │       ├── webkit2gtk v2.0.2
              │       │   ├── tauri v2.11.5 (*)
              │       │   ├── tauri-runtime v2.11.3 (*)
              │       │   ├── tauri-runtime-wry v2.11.4 (*)
              │       │   └── wry v0.55.1
              │       │       └── tauri-runtime-wry v2.11.4 (*)
              │       └── wry v0.55.1 (*)
              ├── cairo-rs v0.18.5
              │   ├── gdk v0.18.2
              │   │   ├── gdkx11 v0.18.2
              │   │   │   └── wry v0.55.1 (*)
              │   │   ├── gtk v0.18.2 (*)
              │   │   └── webkit2gtk v2.0.2 (*)
              │   ├── gtk v0.18.2 (*)
              │   └── webkit2gtk v2.0.2 (*)
              ├── gdk v0.18.2 (*)
              ├── gdk-pixbuf v0.18.5
              │   ├── gdk v0.18.2 (*)
              │   └── gtk v0.18.2 (*)
              ├── gdkx11 v0.18.2 (*)
              ├── gio v0.18.4
              │   ├── gdk v0.18.2 (*)
              │   ├── gdk-pixbuf v0.18.5 (*)
              │   ├── gdkx11 v0.18.2 (*)
              │   ├── gtk v0.18.2 (*)
              │   ├── pango v0.18.3
              │   │   ├── gdk v0.18.2 (*)
              │   │   └── gtk v0.18.2 (*)
              │   ├── soup3 v0.5.0
              │   │   ├── webkit2gtk v2.0.2 (*)
              │   │   └── wry v0.55.1 (*)
              │   └── webkit2gtk v2.0.2 (*)
              ├── gtk v0.18.2 (*)
              ├── javascriptcore-rs v1.1.2
              │   ├── webkit2gtk v2.0.2 (*)
              │   └── wry v0.55.1 (*)
              ├── pango v0.18.3 (*)
              ├── soup3 v0.5.0 (*)
              └── webkit2gtk v2.0.2 (*)
    ├ proc-macro-crate v3.5.0
      └── num_enum_derive v0.7.6
          └── num_enum v0.7.6
              └── ndk v0.9.0
                  ├── softbuffer v0.4.8
                  │   └── tauri-runtime-wry v2.11.4
                  │       └── tauri v2.11.5
                  │           ├── muxsmith-gui v0.1.0
                  │           ├── tauri-plugin-clipboard-manager v2.3.2
                  │           │   └── muxsmith-gui v0.1.0 (*)
                  │           ├── tauri-plugin-dialog v2.7.1
                  │           │   └── muxsmith-gui v0.1.0 (*)
                  │           ├── tauri-plugin-fs v2.5.1
                  │           │   ├── muxsmith-gui v0.1.0 (*)
                  │           │   └── tauri-plugin-dialog v2.7.1 (*)
                  │           └── tauri-plugin-os v2.3.2
                  │               └── muxsmith-gui v0.1.0 (*)
                  ├── tao v0.35.3
                  │   └── tauri-runtime-wry v2.11.4 (*)
                  └── wry v0.55.1
                      └── tauri-runtime-wry v2.11.4 (*)

warning[duplicate]: found 2 duplicate entries for crate 'quick-xml'
    ┌─ /home/senol/Git/Muxsmith/Cargo.lock:273:1
    │  
273 │ ╭ quick-xml 0.39.4 registry+https://github.com/rust-lang/crates.io-index
274 │ │ quick-xml 0.41.0 registry+https://github.com/rust-lang/crates.io-index
    │ ╰──────────────────────────────────────────────────────────────────────┘ lock entries
    │  
    ├ quick-xml v0.39.4
      └── wayland-scanner v0.31.10
          ├── wayland-client v0.31.14
          │   ├── wayland-protocols v0.32.13
          │   │   ├── wayland-protocols-wlr v0.3.12
          │   │   │   └── wl-clipboard-rs v0.9.3
          │   │   │       └── arboard v3.6.1
          │   │   │           └── tauri-plugin-clipboard-manager v2.3.2
          │   │   │               └── muxsmith-gui v0.1.0
          │   │   └── wl-clipboard-rs v0.9.3 (*)
          │   ├── wayland-protocols-wlr v0.3.12 (*)
          │   └── wl-clipboard-rs v0.9.3 (*)
          ├── wayland-protocols v0.32.13 (*)
          └── wayland-protocols-wlr v0.3.12 (*)
    ├ quick-xml v0.41.0
      └── plist v1.10.0
          ├── tauri v2.11.5
          │   ├── muxsmith-gui v0.1.0
          │   ├── tauri-plugin-clipboard-manager v2.3.2
          │   │   └── muxsmith-gui v0.1.0 (*)
          │   ├── tauri-plugin-dialog v2.7.1
          │   │   └── muxsmith-gui v0.1.0 (*)
          │   ├── tauri-plugin-fs v2.5.1
          │   │   ├── muxsmith-gui v0.1.0 (*)
          │   │   └── tauri-plugin-dialog v2.7.1 (*)
          │   └── tauri-plugin-os v2.3.2
          │       └── muxsmith-gui v0.1.0 (*)
          ├── tauri-codegen v2.6.3
          │   └── tauri-macros v2.6.3
          │       └── tauri v2.11.5 (*)
          ├── tauri-plugin v2.6.3
          │   ├── (build) tauri-plugin-clipboard-manager v2.3.2 (*)
          │   ├── (build) tauri-plugin-dialog v2.7.1 (*)
          │   ├── (build) tauri-plugin-fs v2.5.1 (*)
          │   └── (build) tauri-plugin-os v2.3.2 (*)
          └── tauri-utils v2.9.3
              ├── tauri v2.11.5 (*)
              ├── tauri-build v2.6.3
              │   ├── (build) muxsmith-gui v0.1.0 (*)
              │   └── (build) tauri v2.11.5 (*)
              ├── tauri-codegen v2.6.3 (*)
              ├── tauri-macros v2.6.3 (*)
              ├── tauri-plugin v2.6.3 (*)
              ├── (build) tauri-plugin-fs v2.5.1 (*)
              ├── tauri-runtime v2.11.3
              │   ├── tauri v2.11.5 (*)
              │   └── tauri-runtime-wry v2.11.4
              │       └── tauri v2.11.5 (*)
              └── tauri-runtime-wry v2.11.4 (*)

warning[duplicate]: found 2 duplicate entries for crate 'r-efi'
    ┌─ /home/senol/Git/Muxsmith/Cargo.lock:276:1
    │  
276 │ ╭ r-efi 5.3.0 registry+https://github.com/rust-lang/crates.io-index
277 │ │ r-efi 6.0.0 registry+https://github.com/rust-lang/crates.io-index
    │ ╰─────────────────────────────────────────────────────────────────┘ lock entries
    │  
    ├ r-efi v5.3.0
      └── getrandom v0.3.4
          ├── rand_core v0.9.5
          │   ├── rand v0.9.5
          │   │   └── proptest v1.11.0
          │   │       └── (dev) muxsmith-core v0.1.0
          │   │           ├── muxsmith-cli v0.1.0
          │   │           └── muxsmith-gui v0.1.0
          │   ├── rand_chacha v0.9.0
          │   │   └── proptest v1.11.0 (*)
          │   └── rand_xorshift v0.4.0
          │       └── proptest v1.11.0 (*)
          └── tauri v2.11.5
              ├── muxsmith-gui v0.1.0 (*)
              ├── tauri-plugin-clipboard-manager v2.3.2
              │   └── muxsmith-gui v0.1.0 (*)
              ├── tauri-plugin-dialog v2.7.1
              │   └── muxsmith-gui v0.1.0 (*)
              ├── tauri-plugin-fs v2.5.1
              │   ├── muxsmith-gui v0.1.0 (*)
              │   └── tauri-plugin-dialog v2.7.1 (*)
              └── tauri-plugin-os v2.3.2
                  └── muxsmith-gui v0.1.0 (*)
    ├ r-efi v6.0.0
      └── getrandom v0.4.3
          ├── tempfile v3.27.0
          │   ├── insta v1.48.0
          │   │   └── (dev) muxsmith-cli v0.1.0
          │   ├── (dev) muxsmith-cli v0.1.0 (*)
          │   ├── (dev) muxsmith-core v0.1.0
          │   │   ├── muxsmith-cli v0.1.0 (*)
          │   │   └── muxsmith-gui v0.1.0
          │   ├── (dev) muxsmith-gui v0.1.0 (*)
          │   ├── proptest v1.11.0
          │   │   └── (dev) muxsmith-core v0.1.0 (*)
          │   └── rusty-fork v0.3.1
          │       └── proptest v1.11.0 (*)
          └── uuid v1.23.4
              ├── cfb v0.7.3
              │   └── infer v0.19.0
              │       └── tauri-utils v2.9.3
              │           ├── tauri v2.11.5
              │           │   ├── muxsmith-gui v0.1.0 (*)
              │           │   ├── tauri-plugin-clipboard-manager v2.3.2
              │           │   │   └── muxsmith-gui v0.1.0 (*)
              │           │   ├── tauri-plugin-dialog v2.7.1
              │           │   │   └── muxsmith-gui v0.1.0 (*)
              │           │   ├── tauri-plugin-fs v2.5.1
              │           │   │   ├── muxsmith-gui v0.1.0 (*)
              │           │   │   └── tauri-plugin-dialog v2.7.1 (*)
              │           │   └── tauri-plugin-os v2.3.2
              │           │       └── muxsmith-gui v0.1.0 (*)
              │           ├── tauri-build v2.6.3
              │           │   ├── (build) muxsmith-gui v0.1.0 (*)
              │           │   └── (build) tauri v2.11.5 (*)
              │           ├── tauri-codegen v2.6.3
              │           │   └── tauri-macros v2.6.3
              │           │       └── tauri v2.11.5 (*)
              │           ├── tauri-macros v2.6.3 (*)
              │           ├── tauri-plugin v2.6.3
              │           │   ├── (build) tauri-plugin-clipboard-manager v2.3.2 (*)
              │           │   ├── (build) tauri-plugin-dialog v2.7.1 (*)
              │           │   ├── (build) tauri-plugin-fs v2.5.1 (*)
              │           │   └── (build) tauri-plugin-os v2.3.2 (*)
              │           ├── (build) tauri-plugin-fs v2.5.1 (*)
              │           ├── tauri-runtime v2.11.3
              │           │   ├── tauri v2.11.5 (*)
              │           │   └── tauri-runtime-wry v2.11.4
              │           │       └── tauri v2.11.5 (*)
              │           └── tauri-runtime-wry v2.11.4 (*)
              ├── schemars v0.8.22
              │   ├── tauri-build v2.6.3 (*)
              │   ├── tauri-plugin v2.6.3 (*)
              │   ├── (build) tauri-plugin-fs v2.5.1 (*)
              │   └── tauri-utils v2.9.3 (*)
              ├── tauri-codegen v2.6.3 (*)
              └── tauri-utils v2.9.3 (*)

warning[duplicate]: found 2 duplicate entries for crate 'schemars'
    ┌─ /home/senol/Git/Muxsmith/Cargo.lock:299:1
    │  
299 │ ╭ schemars 0.8.22 registry+https://github.com/rust-lang/crates.io-index
300 │ │ schemars 1.2.1 registry+https://github.com/rust-lang/crates.io-index
    │ ╰────────────────────────────────────────────────────────────────────┘ lock entries
    │  
    ├ schemars v0.8.22
      ├── tauri-build v2.6.3
      │   ├── (build) muxsmith-gui v0.1.0
      │   └── (build) tauri v2.11.5
      │       ├── muxsmith-gui v0.1.0 (*)
      │       ├── tauri-plugin-clipboard-manager v2.3.2
      │       │   └── muxsmith-gui v0.1.0 (*)
      │       ├── tauri-plugin-dialog v2.7.1
      │       │   └── muxsmith-gui v0.1.0 (*)
      │       ├── tauri-plugin-fs v2.5.1
      │       │   ├── muxsmith-gui v0.1.0 (*)
      │       │   └── tauri-plugin-dialog v2.7.1 (*)
      │       └── tauri-plugin-os v2.3.2
      │           └── muxsmith-gui v0.1.0 (*)
      ├── tauri-plugin v2.6.3
      │   ├── (build) tauri-plugin-clipboard-manager v2.3.2 (*)
      │   ├── (build) tauri-plugin-dialog v2.7.1 (*)
      │   ├── (build) tauri-plugin-fs v2.5.1 (*)
      │   └── (build) tauri-plugin-os v2.3.2 (*)
      ├── (build) tauri-plugin-fs v2.5.1 (*)
      └── tauri-utils v2.9.3
          ├── tauri v2.11.5 (*)
          ├── tauri-build v2.6.3 (*)
          ├── tauri-codegen v2.6.3
          │   └── tauri-macros v2.6.3
          │       └── tauri v2.11.5 (*)
          ├── tauri-macros v2.6.3 (*)
          ├── tauri-plugin v2.6.3 (*)
          ├── (build) tauri-plugin-fs v2.5.1 (*)
          ├── tauri-runtime v2.11.3
          │   ├── tauri v2.11.5 (*)
          │   └── tauri-runtime-wry v2.11.4
          │       └── tauri v2.11.5 (*)
          └── tauri-runtime-wry v2.11.4 (*)
    ├ schemars v1.2.1
      ├── muxsmith-cli v0.1.0
      └── muxsmith-core v0.1.0
          ├── muxsmith-cli v0.1.0 (*)
          └── muxsmith-gui v0.1.0

warning[duplicate]: found 2 duplicate entries for crate 'schemars_derive'
    ┌─ /home/senol/Git/Muxsmith/Cargo.lock:301:1
    │  
301 │ ╭ schemars_derive 0.8.22 registry+https://github.com/rust-lang/crates.io-index
302 │ │ schemars_derive 1.2.1 registry+https://github.com/rust-lang/crates.io-index
    │ ╰───────────────────────────────────────────────────────────────────────────┘ lock entries
    │  
    ├ schemars_derive v0.8.22
      └── schemars v0.8.22
          ├── tauri-build v2.6.3
          │   ├── (build) muxsmith-gui v0.1.0
          │   └── (build) tauri v2.11.5
          │       ├── muxsmith-gui v0.1.0 (*)
          │       ├── tauri-plugin-clipboard-manager v2.3.2
          │       │   └── muxsmith-gui v0.1.0 (*)
          │       ├── tauri-plugin-dialog v2.7.1
          │       │   └── muxsmith-gui v0.1.0 (*)
          │       ├── tauri-plugin-fs v2.5.1
          │       │   ├── muxsmith-gui v0.1.0 (*)
          │       │   └── tauri-plugin-dialog v2.7.1 (*)
          │       └── tauri-plugin-os v2.3.2
          │           └── muxsmith-gui v0.1.0 (*)
          ├── tauri-plugin v2.6.3
          │   ├── (build) tauri-plugin-clipboard-manager v2.3.2 (*)
          │   ├── (build) tauri-plugin-dialog v2.7.1 (*)
          │   ├── (build) tauri-plugin-fs v2.5.1 (*)
          │   └── (build) tauri-plugin-os v2.3.2 (*)
          ├── (build) tauri-plugin-fs v2.5.1 (*)
          └── tauri-utils v2.9.3
              ├── tauri v2.11.5 (*)
              ├── tauri-build v2.6.3 (*)
              ├── tauri-codegen v2.6.3
              │   └── tauri-macros v2.6.3
              │       └── tauri v2.11.5 (*)
              ├── tauri-macros v2.6.3 (*)
              ├── tauri-plugin v2.6.3 (*)
              ├── (build) tauri-plugin-fs v2.5.1 (*)
              ├── tauri-runtime v2.11.3
              │   ├── tauri v2.11.5 (*)
              │   └── tauri-runtime-wry v2.11.4
              │       └── tauri v2.11.5 (*)
              └── tauri-runtime-wry v2.11.4 (*)
    ├ schemars_derive v1.2.1
      └── schemars v1.2.1
          ├── muxsmith-cli v0.1.0
          └── muxsmith-core v0.1.0
              ├── muxsmith-cli v0.1.0 (*)
              └── muxsmith-gui v0.1.0

warning[duplicate]: found 2 duplicate entries for crate 'serde_spanned'
    ┌─ /home/senol/Git/Muxsmith/Cargo.lock:315:1
    │  
315 │ ╭ serde_spanned 0.6.9 registry+https://github.com/rust-lang/crates.io-index
316 │ │ serde_spanned 1.1.1 registry+https://github.com/rust-lang/crates.io-index
    │ ╰─────────────────────────────────────────────────────────────────────────┘ lock entries
    │  
    ├ serde_spanned v0.6.9
      ├── toml v0.8.2
      │   └── system-deps v6.2.2
      │       ├── (build) atk-sys v0.18.2
      │       │   ├── atk v0.18.2
      │       │   │   └── gtk v0.18.2
      │       │   │       ├── muda v0.19.3
      │       │   │       │   └── tauri v2.11.5
      │       │   │       │       ├── muxsmith-gui v0.1.0
      │       │   │       │       ├── tauri-plugin-clipboard-manager v2.3.2
      │       │   │       │       │   └── muxsmith-gui v0.1.0 (*)
      │       │   │       │       ├── tauri-plugin-dialog v2.7.1
      │       │   │       │       │   └── muxsmith-gui v0.1.0 (*)
      │       │   │       │       ├── tauri-plugin-fs v2.5.1
      │       │   │       │       │   ├── muxsmith-gui v0.1.0 (*)
      │       │   │       │       │   └── tauri-plugin-dialog v2.7.1 (*)
      │       │   │       │       └── tauri-plugin-os v2.3.2
      │       │   │       │           └── muxsmith-gui v0.1.0 (*)
      │       │   │       ├── tao v0.35.3
      │       │   │       │   └── tauri-runtime-wry v2.11.4
      │       │   │       │       └── tauri v2.11.5 (*)
      │       │   │       ├── tauri v2.11.5 (*)
      │       │   │       ├── tauri-runtime v2.11.3
      │       │   │       │   ├── tauri v2.11.5 (*)
      │       │   │       │   └── tauri-runtime-wry v2.11.4 (*)
      │       │   │       ├── tauri-runtime-wry v2.11.4 (*)
      │       │   │       ├── webkit2gtk v2.0.2
      │       │   │       │   ├── tauri v2.11.5 (*)
      │       │   │       │   ├── tauri-runtime v2.11.3 (*)
      │       │   │       │   ├── tauri-runtime-wry v2.11.4 (*)
      │       │   │       │   └── wry v0.55.1
      │       │   │       │       └── tauri-runtime-wry v2.11.4 (*)
      │       │   │       └── wry v0.55.1 (*)
      │       │   └── gtk-sys v0.18.2
      │       │       ├── gtk v0.18.2 (*)
      │       │       ├── rfd v0.16.0
      │       │       │   └── tauri-plugin-dialog v2.7.1 (*)
      │       │       ├── webkit2gtk v2.0.2 (*)
      │       │       └── webkit2gtk-sys v2.0.2
      │       │           ├── webkit2gtk v2.0.2 (*)
      │       │           └── wry v0.55.1 (*)
      │       ├── (build) cairo-sys-rs v0.18.2
      │       │   ├── cairo-rs v0.18.5
      │       │   │   ├── gdk v0.18.2
      │       │   │   │   ├── gdkx11 v0.18.2
      │       │   │   │   │   └── wry v0.55.1 (*)
      │       │   │   │   ├── gtk v0.18.2 (*)
      │       │   │   │   └── webkit2gtk v2.0.2 (*)
      │       │   │   ├── gtk v0.18.2 (*)
      │       │   │   └── webkit2gtk v2.0.2 (*)
      │       │   ├── gdk-sys v0.18.2
      │       │   │   ├── gdk v0.18.2 (*)
      │       │   │   ├── gdkwayland-sys v0.18.2
      │       │   │   │   └── tao v0.35.3 (*)
      │       │   │   ├── gdkx11-sys v0.18.2
      │       │   │   │   ├── gdkx11 v0.18.2 (*)
      │       │   │   │   └── tao v0.35.3 (*)
      │       │   │   ├── gtk-sys v0.18.2 (*)
      │       │   │   ├── webkit2gtk v2.0.2 (*)
      │       │   │   └── webkit2gtk-sys v2.0.2 (*)
      │       │   ├── gtk-sys v0.18.2 (*)
      │       │   └── webkit2gtk-sys v2.0.2 (*)
      │       ├── (build) gdk-pixbuf-sys v0.18.0
      │       │   ├── gdk-pixbuf v0.18.5
      │       │   │   ├── gdk v0.18.2 (*)
      │       │   │   └── gtk v0.18.2 (*)
      │       │   ├── gdk-sys v0.18.2 (*)
      │       │   └── gtk-sys v0.18.2 (*)
      │       ├── (build) gdk-sys v0.18.2 (*)
      │       ├── (build) gdkwayland-sys v0.18.2 (*)
      │       ├── (build) gdkx11-sys v0.18.2 (*)
      │       ├── (build) gio-sys v0.18.1
      │       │   ├── gdk-pixbuf-sys v0.18.0 (*)
      │       │   ├── gdk-sys v0.18.2 (*)
      │       │   ├── gio v0.18.4
      │       │   │   ├── gdk v0.18.2 (*)
      │       │   │   ├── gdk-pixbuf v0.18.5 (*)
      │       │   │   ├── gdkx11 v0.18.2 (*)
      │       │   │   ├── gtk v0.18.2 (*)
      │       │   │   ├── pango v0.18.3
      │       │   │   │   ├── gdk v0.18.2 (*)
      │       │   │   │   └── gtk v0.18.2 (*)
      │       │   │   ├── soup3 v0.5.0
      │       │   │   │   ├── webkit2gtk v2.0.2 (*)
      │       │   │   │   └── wry v0.55.1 (*)
      │       │   │   └── webkit2gtk v2.0.2 (*)
      │       │   ├── glib v0.18.5
      │       │   │   ├── atk v0.18.2 (*)
      │       │   │   ├── cairo-rs v0.18.5 (*)
      │       │   │   ├── gdk v0.18.2 (*)
      │       │   │   ├── gdk-pixbuf v0.18.5 (*)
      │       │   │   ├── gdkx11 v0.18.2 (*)
      │       │   │   ├── gio v0.18.4 (*)
      │       │   │   ├── gtk v0.18.2 (*)
      │       │   │   ├── javascriptcore-rs v1.1.2
      │       │   │   │   ├── webkit2gtk v2.0.2 (*)
      │       │   │   │   └── wry v0.55.1 (*)
      │       │   │   ├── pango v0.18.3 (*)
      │       │   │   ├── soup3 v0.5.0 (*)
      │       │   │   └── webkit2gtk v2.0.2 (*)
      │       │   ├── gtk-sys v0.18.2 (*)
      │       │   ├── soup3-sys v0.5.0
      │       │   │   ├── soup3 v0.5.0 (*)
      │       │   │   └── webkit2gtk-sys v2.0.2 (*)
      │       │   ├── webkit2gtk v2.0.2 (*)
      │       │   └── webkit2gtk-sys v2.0.2 (*)
      │       ├── (build) glib-sys v0.18.1
      │       │   ├── atk-sys v0.18.2 (*)
      │       │   ├── cairo-sys-rs v0.18.2 (*)
      │       │   ├── gdk-pixbuf-sys v0.18.0 (*)
      │       │   ├── gdk-sys v0.18.2 (*)
      │       │   ├── gdkwayland-sys v0.18.2 (*)
      │       │   ├── gdkx11-sys v0.18.2 (*)
      │       │   ├── gio-sys v0.18.1 (*)
      │       │   ├── glib v0.18.5 (*)
      │       │   ├── gobject-sys v0.18.0
      │       │   │   ├── atk-sys v0.18.2 (*)
      │       │   │   ├── gdk-pixbuf-sys v0.18.0 (*)
      │       │   │   ├── gdk-sys v0.18.2 (*)
      │       │   │   ├── gdkwayland-sys v0.18.2 (*)
      │       │   │   ├── gio-sys v0.18.1 (*)
      │       │   │   ├── glib v0.18.5 (*)
      │       │   │   ├── gtk-sys v0.18.2 (*)
      │       │   │   ├── javascriptcore-rs-sys v1.1.1
      │       │   │   │   ├── javascriptcore-rs v1.1.2 (*)
      │       │   │   │   └── webkit2gtk-sys v2.0.2 (*)
      │       │   │   ├── pango-sys v0.18.0
      │       │   │   │   ├── gdk-sys v0.18.2 (*)
      │       │   │   │   ├── gtk-sys v0.18.2 (*)
      │       │   │   │   └── pango v0.18.3 (*)
      │       │   │   ├── rfd v0.16.0 (*)
      │       │   │   ├── soup3-sys v0.5.0 (*)
      │       │   │   ├── webkit2gtk v2.0.2 (*)
      │       │   │   └── webkit2gtk-sys v2.0.2 (*)
      │       │   ├── gtk-sys v0.18.2 (*)
      │       │   ├── javascriptcore-rs-sys v1.1.1 (*)
      │       │   ├── pango-sys v0.18.0 (*)
      │       │   ├── rfd v0.16.0 (*)
      │       │   ├── soup3-sys v0.5.0 (*)
      │       │   ├── webkit2gtk v2.0.2 (*)
      │       │   └── webkit2gtk-sys v2.0.2 (*)
      │       ├── (build) gobject-sys v0.18.0 (*)
      │       ├── (build) gtk-sys v0.18.2 (*)
      │       ├── (build) javascriptcore-rs-sys v1.1.1 (*)
      │       ├── (build) pango-sys v0.18.0 (*)
      │       ├── (build) soup3-sys v0.5.0 (*)
      │       └── (build) webkit2gtk-sys v2.0.2 (*)
      └── toml_edit v0.20.2
          ├── proc-macro-crate v2.0.2
          │   └── glib-macros v0.18.5
          │       └── glib v0.18.5 (*)
          └── toml v0.8.2 (*)
    ├ serde_spanned v1.1.1
      ├── toml v0.9.12+spec-1.1.0
      │   └── cargo_toml v0.22.3
      │       └── tauri-build v2.6.3
      │           ├── (build) muxsmith-gui v0.1.0
      │           └── (build) tauri v2.11.5
      │               ├── muxsmith-gui v0.1.0 (*)
      │               ├── tauri-plugin-clipboard-manager v2.3.2
      │               │   └── muxsmith-gui v0.1.0 (*)
      │               ├── tauri-plugin-dialog v2.7.1
      │               │   └── muxsmith-gui v0.1.0 (*)
      │               ├── tauri-plugin-fs v2.5.1
      │               │   ├── muxsmith-gui v0.1.0 (*)
      │               │   └── tauri-plugin-dialog v2.7.1 (*)
      │               └── tauri-plugin-os v2.3.2
      │                   └── muxsmith-gui v0.1.0 (*)
      └── toml v1.1.2+spec-1.1.0
          ├── embed-resource v3.0.11
          │   └── tauri-winres v0.3.6
          │       └── tauri-build v2.6.3 (*)
          ├── (build) tauri-plugin-fs v2.5.1 (*)
          ├── tauri-utils v2.9.3
          │   ├── tauri v2.11.5 (*)
          │   ├── tauri-build v2.6.3 (*)
          │   ├── tauri-codegen v2.6.3
          │   │   └── tauri-macros v2.6.3
          │   │       └── tauri v2.11.5 (*)
          │   ├── tauri-macros v2.6.3 (*)
          │   ├── tauri-plugin v2.6.3
          │   │   ├── (build) tauri-plugin-clipboard-manager v2.3.2 (*)
          │   │   ├── (build) tauri-plugin-dialog v2.7.1 (*)
          │   │   ├── (build) tauri-plugin-fs v2.5.1 (*)
          │   │   └── (build) tauri-plugin-os v2.3.2 (*)
          │   ├── (build) tauri-plugin-fs v2.5.1 (*)
          │   ├── tauri-runtime v2.11.3
          │   │   ├── tauri v2.11.5 (*)
          │   │   └── tauri-runtime-wry v2.11.4
          │   │       └── tauri v2.11.5 (*)
          │   └── tauri-runtime-wry v2.11.4 (*)
          └── tauri-winres v0.3.6 (*)

warning[duplicate]: found 2 duplicate entries for crate 'syn'
    ┌─ /home/senol/Git/Muxsmith/Cargo.lock:339:1
    │  
339 │ ╭ syn 1.0.109 registry+https://github.com/rust-lang/crates.io-index
340 │ │ syn 2.0.118 registry+https://github.com/rust-lang/crates.io-index
    │ ╰─────────────────────────────────────────────────────────────────┘ lock entries
    │  
    ├ syn v1.0.109
      └── proc-macro-error v1.0.4
          ├── glib-macros v0.18.5
          │   └── glib v0.18.5
          │       ├── atk v0.18.2
          │       │   └── gtk v0.18.2
          │       │       ├── muda v0.19.3
          │       │       │   └── tauri v2.11.5
          │       │       │       ├── muxsmith-gui v0.1.0
          │       │       │       ├── tauri-plugin-clipboard-manager v2.3.2
          │       │       │       │   └── muxsmith-gui v0.1.0 (*)
          │       │       │       ├── tauri-plugin-dialog v2.7.1
          │       │       │       │   └── muxsmith-gui v0.1.0 (*)
          │       │       │       ├── tauri-plugin-fs v2.5.1
          │       │       │       │   ├── muxsmith-gui v0.1.0 (*)
          │       │       │       │   └── tauri-plugin-dialog v2.7.1 (*)
          │       │       │       └── tauri-plugin-os v2.3.2
          │       │       │           └── muxsmith-gui v0.1.0 (*)
          │       │       ├── tao v0.35.3
          │       │       │   └── tauri-runtime-wry v2.11.4
          │       │       │       └── tauri v2.11.5 (*)
          │       │       ├── tauri v2.11.5 (*)
          │       │       ├── tauri-runtime v2.11.3
          │       │       │   ├── tauri v2.11.5 (*)
          │       │       │   └── tauri-runtime-wry v2.11.4 (*)
          │       │       ├── tauri-runtime-wry v2.11.4 (*)
          │       │       ├── webkit2gtk v2.0.2
          │       │       │   ├── tauri v2.11.5 (*)
          │       │       │   ├── tauri-runtime v2.11.3 (*)
          │       │       │   ├── tauri-runtime-wry v2.11.4 (*)
          │       │       │   └── wry v0.55.1
          │       │       │       └── tauri-runtime-wry v2.11.4 (*)
          │       │       └── wry v0.55.1 (*)
          │       ├── cairo-rs v0.18.5
          │       │   ├── gdk v0.18.2
          │       │   │   ├── gdkx11 v0.18.2
          │       │   │   │   └── wry v0.55.1 (*)
          │       │   │   ├── gtk v0.18.2 (*)
          │       │   │   └── webkit2gtk v2.0.2 (*)
          │       │   ├── gtk v0.18.2 (*)
          │       │   └── webkit2gtk v2.0.2 (*)
          │       ├── gdk v0.18.2 (*)
          │       ├── gdk-pixbuf v0.18.5
          │       │   ├── gdk v0.18.2 (*)
          │       │   └── gtk v0.18.2 (*)
          │       ├── gdkx11 v0.18.2 (*)
          │       ├── gio v0.18.4
          │       │   ├── gdk v0.18.2 (*)
          │       │   ├── gdk-pixbuf v0.18.5 (*)
          │       │   ├── gdkx11 v0.18.2 (*)
          │       │   ├── gtk v0.18.2 (*)
          │       │   ├── pango v0.18.3
          │       │   │   ├── gdk v0.18.2 (*)
          │       │   │   └── gtk v0.18.2 (*)
          │       │   ├── soup3 v0.5.0
          │       │   │   ├── webkit2gtk v2.0.2 (*)
          │       │   │   └── wry v0.55.1 (*)
          │       │   └── webkit2gtk v2.0.2 (*)
          │       ├── gtk v0.18.2 (*)
          │       ├── javascriptcore-rs v1.1.2
          │       │   ├── webkit2gtk v2.0.2 (*)
          │       │   └── wry v0.55.1 (*)
          │       ├── pango v0.18.3 (*)
          │       ├── soup3 v0.5.0 (*)
          │       └── webkit2gtk v2.0.2 (*)
          └── gtk3-macros v0.18.2
              └── gtk v0.18.2 (*)
    ├ syn v2.0.118
      ├── clap_derive v4.6.1
      │   └── clap v4.6.1
      │       └── muxsmith-cli v0.1.0
      ├── cssparser-macros v0.6.1
      │   └── cssparser v0.36.0
      │       ├── dom_query v0.27.0
      │       │   ├── tauri-utils v2.9.3
      │       │   │   ├── tauri v2.11.5
      │       │   │   │   ├── muxsmith-gui v0.1.0
      │       │   │   │   ├── tauri-plugin-clipboard-manager v2.3.2
      │       │   │   │   │   └── muxsmith-gui v0.1.0 (*)
      │       │   │   │   ├── tauri-plugin-dialog v2.7.1
      │       │   │   │   │   └── muxsmith-gui v0.1.0 (*)
      │       │   │   │   ├── tauri-plugin-fs v2.5.1
      │       │   │   │   │   ├── muxsmith-gui v0.1.0 (*)
      │       │   │   │   │   └── tauri-plugin-dialog v2.7.1 (*)
      │       │   │   │   └── tauri-plugin-os v2.3.2
      │       │   │   │       └── muxsmith-gui v0.1.0 (*)
      │       │   │   ├── tauri-build v2.6.3
      │       │   │   │   ├── (build) muxsmith-gui v0.1.0 (*)
      │       │   │   │   └── (build) tauri v2.11.5 (*)
      │       │   │   ├── tauri-codegen v2.6.3
      │       │   │   │   └── tauri-macros v2.6.3
      │       │   │   │       └── tauri v2.11.5 (*)
      │       │   │   ├── tauri-macros v2.6.3 (*)
      │       │   │   ├── tauri-plugin v2.6.3
      │       │   │   │   ├── (build) tauri-plugin-clipboard-manager v2.3.2 (*)
      │       │   │   │   ├── (build) tauri-plugin-dialog v2.7.1 (*)
      │       │   │   │   ├── (build) tauri-plugin-fs v2.5.1 (*)
      │       │   │   │   └── (build) tauri-plugin-os v2.3.2 (*)
      │       │   │   ├── (build) tauri-plugin-fs v2.5.1 (*)
      │       │   │   ├── tauri-runtime v2.11.3
      │       │   │   │   ├── tauri v2.11.5 (*)
      │       │   │   │   └── tauri-runtime-wry v2.11.4
      │       │   │   │       └── tauri v2.11.5 (*)
      │       │   │   └── tauri-runtime-wry v2.11.4 (*)
      │       │   └── wry v0.55.1
      │       │       └── tauri-runtime-wry v2.11.4 (*)
      │       └── selectors v0.36.1
      │           └── dom_query v0.27.0 (*)
      ├── darling_core v0.23.0
      │   ├── darling v0.23.0
      │   │   └── serde_with_macros v3.21.0
      │   │       └── serde_with v3.21.0
      │   │           └── tauri-utils v2.9.3 (*)
      │   └── darling_macro v0.23.0
      │       └── darling v0.23.0 (*)
      ├── darling_macro v0.23.0 (*)
      ├── derive_more-impl v2.1.1
      │   └── derive_more v2.1.1
      │       └── selectors v0.36.1 (*)
      ├── displaydoc v0.2.6
      │   ├── icu_collections v2.2.0
      │   │   ├── icu_normalizer v2.2.0
      │   │   │   └── idna_adapter v1.2.2
      │   │   │       └── idna v1.1.0
      │   │   │           └── url v2.5.8
      │   │   │               ├── reqwest v0.13.4
      │   │   │               │   └── tauri v2.11.5 (*)
      │   │   │               ├── schemars v0.8.22
      │   │   │               │   ├── tauri-build v2.6.3 (*)
      │   │   │               │   ├── tauri-plugin v2.6.3 (*)
      │   │   │               │   ├── (build) tauri-plugin-fs v2.5.1 (*)
      │   │   │               │   └── tauri-utils v2.9.3 (*)
      │   │   │               ├── tao v0.35.3
      │   │   │               │   └── tauri-runtime-wry v2.11.4 (*)
      │   │   │               ├── tauri v2.11.5 (*)
      │   │   │               ├── tauri-codegen v2.6.3 (*)
      │   │   │               ├── tauri-plugin-dialog v2.7.1 (*)
      │   │   │               ├── tauri-plugin-fs v2.5.1 (*)
      │   │   │               ├── tauri-runtime v2.11.3 (*)
      │   │   │               ├── tauri-runtime-wry v2.11.4 (*)
      │   │   │               ├── tauri-utils v2.9.3 (*)
      │   │   │               ├── tower-http v0.6.11
      │   │   │               │   └── reqwest v0.13.4 (*)
      │   │   │               ├── urlpattern v0.3.0
      │   │   │               │   └── tauri-utils v2.9.3 (*)
      │   │   │               └── wry v0.55.1 (*)
      │   │   └── icu_properties v2.2.0
      │   │       └── idna_adapter v1.2.2 (*)
      │   ├── icu_locale_core v2.2.0
      │   │   ├── icu_properties v2.2.0 (*)
      │   │   └── icu_provider v2.2.0
      │   │       ├── icu_normalizer v2.2.0 (*)
      │   │       └── icu_properties v2.2.0 (*)
      │   ├── icu_provider v2.2.0 (*)
      │   ├── tinystr v0.8.3
      │   │   ├── icu_locale_core v2.2.0 (*)
      │   │   └── unic-langid-impl v0.9.6
      │   │       └── unic-langid v0.9.6
      │   │           ├── fluent-bundle v0.16.0
      │   │           │   └── muxsmith-cli v0.1.0 (*)
      │   │           ├── fluent-langneg v0.13.1
      │   │           │   └── fluent-bundle v0.16.0 (*)
      │   │           ├── intl-memoizer v0.5.3
      │   │           │   └── fluent-bundle v0.16.0 (*)
      │   │           ├── intl_pluralrules v7.0.2
      │   │           │   └── fluent-bundle v0.16.0 (*)
      │   │           └── muxsmith-cli v0.1.0 (*)
      │   └── zerotrie v0.2.4
      │       ├── icu_properties v2.2.0 (*)
      │       └── icu_provider v2.2.0 (*)
      ├── dlopen2_derive v0.4.3
      │   └── dlopen2 v0.8.2
      │       └── tao v0.35.3 (*)
      ├── foreign-types-macros v0.2.3
      │   └── foreign-types v0.5.0
      │       └── core-graphics v0.25.0
      │           └── tao v0.35.3 (*)
      ├── futures-macro v0.3.32
      │   └── futures-util v0.3.32
      │       ├── futures-executor v0.3.32
      │       │   └── glib v0.18.5
      │       │       ├── atk v0.18.2
      │       │       │   └── gtk v0.18.2
      │       │       │       ├── muda v0.19.3
      │       │       │       │   └── tauri v2.11.5 (*)
      │       │       │       ├── tao v0.35.3 (*)
      │       │       │       ├── tauri v2.11.5 (*)
      │       │       │       ├── tauri-runtime v2.11.3 (*)
      │       │       │       ├── tauri-runtime-wry v2.11.4 (*)
      │       │       │       ├── webkit2gtk v2.0.2
      │       │       │       │   ├── tauri v2.11.5 (*)
      │       │       │       │   ├── tauri-runtime v2.11.3 (*)
      │       │       │       │   ├── tauri-runtime-wry v2.11.4 (*)
      │       │       │       │   └── wry v0.55.1 (*)
      │       │       │       └── wry v0.55.1 (*)
      │       │       ├── cairo-rs v0.18.5
      │       │       │   ├── gdk v0.18.2
      │       │       │   │   ├── gdkx11 v0.18.2
      │       │       │   │   │   └── wry v0.55.1 (*)
      │       │       │   │   ├── gtk v0.18.2 (*)
      │       │       │   │   └── webkit2gtk v2.0.2 (*)
      │       │       │   ├── gtk v0.18.2 (*)
      │       │       │   └── webkit2gtk v2.0.2 (*)
      │       │       ├── gdk v0.18.2 (*)
      │       │       ├── gdk-pixbuf v0.18.5
      │       │       │   ├── gdk v0.18.2 (*)
      │       │       │   └── gtk v0.18.2 (*)
      │       │       ├── gdkx11 v0.18.2 (*)
      │       │       ├── gio v0.18.4
      │       │       │   ├── gdk v0.18.2 (*)
      │       │       │   ├── gdk-pixbuf v0.18.5 (*)
      │       │       │   ├── gdkx11 v0.18.2 (*)
      │       │       │   ├── gtk v0.18.2 (*)
      │       │       │   ├── pango v0.18.3
      │       │       │   │   ├── gdk v0.18.2 (*)
      │       │       │   │   └── gtk v0.18.2 (*)
      │       │       │   ├── soup3 v0.5.0
      │       │       │   │   ├── webkit2gtk v2.0.2 (*)
      │       │       │   │   └── wry v0.55.1 (*)
      │       │       │   └── webkit2gtk v2.0.2 (*)
      │       │       ├── gtk v0.18.2 (*)
      │       │       ├── javascriptcore-rs v1.1.2
      │       │       │   ├── webkit2gtk v2.0.2 (*)
      │       │       │   └── wry v0.55.1 (*)
      │       │       ├── pango v0.18.3 (*)
      │       │       ├── soup3 v0.5.0 (*)
      │       │       └── webkit2gtk v2.0.2 (*)
      │       ├── gio v0.18.4 (*)
      │       ├── glib v0.18.5 (*)
      │       ├── hyper-util v0.1.20
      │       │   └── reqwest v0.13.4 (*)
      │       ├── js-sys v0.3.103
      │       │   ├── reqwest v0.13.4 (*)
      │       │   ├── rfd v0.16.0
      │       │   │   └── tauri-plugin-dialog v2.7.1 (*)
      │       │   ├── softbuffer v0.4.8
      │       │   │   └── tauri-runtime-wry v2.11.4 (*)
      │       │   ├── wasm-bindgen-futures v0.4.76
      │       │   │   ├── reqwest v0.13.4 (*)
      │       │   │   ├── rfd v0.16.0 (*)
      │       │   │   └── wasm-streams v0.5.0
      │       │   │       └── reqwest v0.13.4 (*)
      │       │   ├── wasm-streams v0.5.0 (*)
      │       │   └── web-sys v0.3.103
      │       │       ├── reqwest v0.13.4 (*)
      │       │       ├── rfd v0.16.0 (*)
      │       │       ├── softbuffer v0.4.8 (*)
      │       │       └── wasm-streams v0.5.0 (*)
      │       ├── reqwest v0.13.4 (*)
      │       ├── tower v0.5.3
      │       │   ├── reqwest v0.13.4 (*)
      │       │   └── tower-http v0.6.11 (*)
      │       ├── tower-http v0.6.11 (*)
      │       └── wasm-streams v0.5.0 (*)
      ├── glib-macros v0.18.5
      │   └── glib v0.18.5 (*)
      ├── gtk3-macros v0.18.2
      │   └── gtk v0.18.2 (*)
      ├── jni-sys-macros v0.4.1
      │   └── jni-sys v0.4.1
      │       └── jni-sys v0.3.1
      │           ├── jni v0.21.1
      │           │   ├── tao v0.35.3 (*)
      │           │   ├── tauri v2.11.5 (*)
      │           │   ├── tauri-runtime v2.11.3 (*)
      │           │   ├── tauri-runtime-wry v2.11.4 (*)
      │           │   └── wry v0.55.1 (*)
      │           ├── ndk v0.9.0
      │           │   ├── softbuffer v0.4.8 (*)
      │           │   ├── tao v0.35.3 (*)
      │           │   └── wry v0.55.1 (*)
      │           └── ndk-sys v0.6.0+11769913
      │               ├── ndk v0.9.0 (*)
      │               └── tao v0.35.3 (*)
      ├── num_enum_derive v0.7.6
      │   └── num_enum v0.7.6
      │       └── ndk v0.9.0 (*)
      ├── phf_macros v0.13.1
      │   └── phf v0.13.1
      │       ├── cssparser v0.36.0 (*)
      │       ├── selectors v0.36.1 (*)
      │       ├── tauri-utils v2.9.3 (*)
      │       └── web_atoms v0.2.5
      │           └── markup5ever v0.38.0
      │               └── html5ever v0.38.0
      │                   └── dom_query v0.27.0 (*)
      ├── ref-cast-impl v1.0.25
      │   └── ref-cast v1.0.25
      │       └── schemars v1.2.1
      │           ├── muxsmith-cli v0.1.0 (*)
      │           └── muxsmith-core v0.1.0
      │               ├── muxsmith-cli v0.1.0 (*)
      │               └── muxsmith-gui v0.1.0 (*)
      ├── schemars_derive v0.8.22
      │   └── schemars v0.8.22 (*)
      ├── schemars_derive v1.2.1
      │   └── schemars v1.2.1 (*)
      ├── serde_derive v1.0.228
      │   ├── serde v1.0.228
      │   │   ├── bytes v1.12.1
      │   │   │   ├── combine v4.6.7
      │   │   │   │   └── jni v0.21.1 (*)
      │   │   │   ├── http v1.4.2
      │   │   │   │   ├── http-body v1.0.1
      │   │   │   │   │   ├── http-body-util v0.1.3
      │   │   │   │   │   │   └── reqwest v0.13.4 (*)
      │   │   │   │   │   ├── hyper v1.10.1
      │   │   │   │   │   │   ├── hyper-util v0.1.20 (*)
      │   │   │   │   │   │   └── reqwest v0.13.4 (*)
      │   │   │   │   │   ├── hyper-util v0.1.20 (*)
      │   │   │   │   │   ├── reqwest v0.13.4 (*)
      │   │   │   │   │   └── tower-http v0.6.11 (*)
      │   │   │   │   ├── http-body-util v0.1.3 (*)
      │   │   │   │   ├── hyper v1.10.1 (*)
      │   │   │   │   ├── hyper-util v0.1.20 (*)
      │   │   │   │   ├── reqwest v0.13.4 (*)
      │   │   │   │   ├── tauri v2.11.5 (*)
      │   │   │   │   ├── tauri-runtime v2.11.3 (*)
      │   │   │   │   ├── tauri-runtime-wry v2.11.4 (*)
      │   │   │   │   ├── tauri-utils v2.9.3 (*)
      │   │   │   │   ├── tower-http v0.6.11 (*)
      │   │   │   │   └── wry v0.55.1 (*)
      │   │   │   ├── http-body v1.0.1 (*)
      │   │   │   ├── http-body-util v0.1.3 (*)
      │   │   │   ├── hyper v1.10.1 (*)
      │   │   │   ├── hyper-util v0.1.20 (*)
      │   │   │   ├── reqwest v0.13.4 (*)
      │   │   │   ├── tauri v2.11.5 (*)
      │   │   │   ├── tokio v1.52.3
      │   │   │   │   ├── hyper v1.10.1 (*)
      │   │   │   │   ├── hyper-util v0.1.20 (*)
      │   │   │   │   ├── reqwest v0.13.4 (*)
      │   │   │   │   ├── tauri v2.11.5 (*)
      │   │   │   │   ├── tokio-util v0.7.18
      │   │   │   │   │   └── reqwest v0.13.4 (*)
      │   │   │   │   └── tower v0.5.3 (*)
      │   │   │   ├── tokio-util v0.7.18 (*)
      │   │   │   └── tower-http v0.6.11 (*)
      │   │   ├── cargo-platform v0.1.9
      │   │   │   └── cargo_metadata v0.19.2
      │   │   │       └── tauri-utils v2.9.3 (*)
      │   │   ├── cargo_metadata v0.19.2 (*)
      │   │   ├── cargo_toml v0.22.3
      │   │   │   └── tauri-build v2.6.3 (*)
      │   │   ├── dpi v0.1.2
      │   │   │   ├── muda v0.19.3 (*)
      │   │   │   ├── tao v0.35.3 (*)
      │   │   │   ├── tauri-runtime v2.11.3 (*)
      │   │   │   └── wry v0.55.1 (*)
      │   │   ├── indexmap v1.9.3
      │   │   │   └── schemars v0.8.22 (*)
      │   │   ├── json-patch v3.0.1
      │   │   │   ├── tauri-build v2.6.3 (*)
      │   │   │   ├── tauri-codegen v2.6.3 (*)
      │   │   │   └── tauri-utils v2.9.3 (*)
      │   │   ├── jsonptr v0.6.3
      │   │   │   └── json-patch v3.0.1 (*)
      │   │   ├── keyboard-types v0.7.0
      │   │   │   └── muda v0.19.3 (*)
      │   │   ├── muda v0.19.3 (*)
      │   │   ├── muxsmith-core v0.1.0 (*)
      │   │   ├── muxsmith-gui v0.1.0 (*)
      │   │   ├── os_info v3.15.0
      │   │   │   └── tauri-plugin-os v2.3.2 (*)
      │   │   ├── plist v1.10.0
      │   │   │   ├── tauri v2.11.5 (*)
      │   │   │   ├── tauri-codegen v2.6.3 (*)
      │   │   │   ├── tauri-plugin v2.6.3 (*)
      │   │   │   └── tauri-utils v2.9.3 (*)
      │   │   ├── reqwest v0.13.4 (*)
      │   │   ├── schemars v0.8.22 (*)
      │   │   ├── schemars v1.2.1 (*)
      │   │   ├── serde_spanned v0.6.9
      │   │   │   ├── toml v0.8.2
      │   │   │   │   └── system-deps v6.2.2
      │   │   │   │       ├── (build) atk-sys v0.18.2
      │   │   │   │       │   ├── atk v0.18.2 (*)
      │   │   │   │       │   └── gtk-sys v0.18.2
      │   │   │   │       │       ├── gtk v0.18.2 (*)
      │   │   │   │       │       ├── rfd v0.16.0 (*)
      │   │   │   │       │       ├── webkit2gtk v2.0.2 (*)
      │   │   │   │       │       └── webkit2gtk-sys v2.0.2
      │   │   │   │       │           ├── webkit2gtk v2.0.2 (*)
      │   │   │   │       │           └── wry v0.55.1 (*)
      │   │   │   │       ├── (build) cairo-sys-rs v0.18.2
      │   │   │   │       │   ├── cairo-rs v0.18.5 (*)
      │   │   │   │       │   ├── gdk-sys v0.18.2
      │   │   │   │       │   │   ├── gdk v0.18.2 (*)
      │   │   │   │       │   │   ├── gdkwayland-sys v0.18.2
      │   │   │   │       │   │   │   └── tao v0.35.3 (*)
      │   │   │   │       │   │   ├── gdkx11-sys v0.18.2
      │   │   │   │       │   │   │   ├── gdkx11 v0.18.2 (*)
      │   │   │   │       │   │   │   └── tao v0.35.3 (*)
      │   │   │   │       │   │   ├── gtk-sys v0.18.2 (*)
      │   │   │   │       │   │   ├── webkit2gtk v2.0.2 (*)
      │   │   │   │       │   │   └── webkit2gtk-sys v2.0.2 (*)
      │   │   │   │       │   ├── gtk-sys v0.18.2 (*)
      │   │   │   │       │   └── webkit2gtk-sys v2.0.2 (*)
      │   │   │   │       ├── (build) gdk-pixbuf-sys v0.18.0
      │   │   │   │       │   ├── gdk-pixbuf v0.18.5 (*)
      │   │   │   │       │   ├── gdk-sys v0.18.2 (*)
      │   │   │   │       │   └── gtk-sys v0.18.2 (*)
      │   │   │   │       ├── (build) gdk-sys v0.18.2 (*)
      │   │   │   │       ├── (build) gdkwayland-sys v0.18.2 (*)
      │   │   │   │       ├── (build) gdkx11-sys v0.18.2 (*)
      │   │   │   │       ├── (build) gio-sys v0.18.1
      │   │   │   │       │   ├── gdk-pixbuf-sys v0.18.0 (*)
      │   │   │   │       │   ├── gdk-sys v0.18.2 (*)
      │   │   │   │       │   ├── gio v0.18.4 (*)
      │   │   │   │       │   ├── glib v0.18.5 (*)
      │   │   │   │       │   ├── gtk-sys v0.18.2 (*)
      │   │   │   │       │   ├── soup3-sys v0.5.0
      │   │   │   │       │   │   ├── soup3 v0.5.0 (*)
      │   │   │   │       │   │   └── webkit2gtk-sys v2.0.2 (*)
      │   │   │   │       │   ├── webkit2gtk v2.0.2 (*)
      │   │   │   │       │   └── webkit2gtk-sys v2.0.2 (*)
      │   │   │   │       ├── (build) glib-sys v0.18.1
      │   │   │   │       │   ├── atk-sys v0.18.2 (*)
      │   │   │   │       │   ├── cairo-sys-rs v0.18.2 (*)
      │   │   │   │       │   ├── gdk-pixbuf-sys v0.18.0 (*)
      │   │   │   │       │   ├── gdk-sys v0.18.2 (*)
      │   │   │   │       │   ├── gdkwayland-sys v0.18.2 (*)
      │   │   │   │       │   ├── gdkx11-sys v0.18.2 (*)
      │   │   │   │       │   ├── gio-sys v0.18.1 (*)
      │   │   │   │       │   ├── glib v0.18.5 (*)
      │   │   │   │       │   ├── gobject-sys v0.18.0
      │   │   │   │       │   │   ├── atk-sys v0.18.2 (*)
      │   │   │   │       │   │   ├── gdk-pixbuf-sys v0.18.0 (*)
      │   │   │   │       │   │   ├── gdk-sys v0.18.2 (*)
      │   │   │   │       │   │   ├── gdkwayland-sys v0.18.2 (*)
      │   │   │   │       │   │   ├── gio-sys v0.18.1 (*)
      │   │   │   │       │   │   ├── glib v0.18.5 (*)
      │   │   │   │       │   │   ├── gtk-sys v0.18.2 (*)
      │   │   │   │       │   │   ├── javascriptcore-rs-sys v1.1.1
      │   │   │   │       │   │   │   ├── javascriptcore-rs v1.1.2 (*)
      │   │   │   │       │   │   │   └── webkit2gtk-sys v2.0.2 (*)
      │   │   │   │       │   │   ├── pango-sys v0.18.0
      │   │   │   │       │   │   │   ├── gdk-sys v0.18.2 (*)
      │   │   │   │       │   │   │   ├── gtk-sys v0.18.2 (*)
      │   │   │   │       │   │   │   └── pango v0.18.3 (*)
      │   │   │   │       │   │   ├── rfd v0.16.0 (*)
      │   │   │   │       │   │   ├── soup3-sys v0.5.0 (*)
      │   │   │   │       │   │   ├── webkit2gtk v2.0.2 (*)
      │   │   │   │       │   │   └── webkit2gtk-sys v2.0.2 (*)
      │   │   │   │       │   ├── gtk-sys v0.18.2 (*)
      │   │   │   │       │   ├── javascriptcore-rs-sys v1.1.1 (*)
      │   │   │   │       │   ├── pango-sys v0.18.0 (*)
      │   │   │   │       │   ├── rfd v0.16.0 (*)
      │   │   │   │       │   ├── soup3-sys v0.5.0 (*)
      │   │   │   │       │   ├── webkit2gtk v2.0.2 (*)
      │   │   │   │       │   └── webkit2gtk-sys v2.0.2 (*)
      │   │   │   │       ├── (build) gobject-sys v0.18.0 (*)
      │   │   │   │       ├── (build) gtk-sys v0.18.2 (*)
      │   │   │   │       ├── (build) javascriptcore-rs-sys v1.1.1 (*)
      │   │   │   │       ├── (build) pango-sys v0.18.0 (*)
      │   │   │   │       ├── (build) soup3-sys v0.5.0 (*)
      │   │   │   │       └── (build) webkit2gtk-sys v2.0.2 (*)
      │   │   │   └── toml_edit v0.20.2
      │   │   │       ├── proc-macro-crate v2.0.2
      │   │   │       │   └── glib-macros v0.18.5 (*)
      │   │   │       └── toml v0.8.2 (*)
      │   │   ├── serialize-to-javascript v0.1.2
      │   │   │   ├── tauri v2.11.5 (*)
      │   │   │   └── tauri-plugin-os v2.3.2 (*)
      │   │   ├── swift-rs v1.0.7
      │   │   │   ├── tauri v2.11.5 (*)
      │   │   │   └── tauri-utils v2.9.3 (*)
      │   │   ├── tauri v2.11.5 (*)
      │   │   ├── tauri-build v2.6.3 (*)
      │   │   ├── tauri-codegen v2.6.3 (*)
      │   │   ├── tauri-plugin v2.6.3 (*)
      │   │   ├── tauri-plugin-clipboard-manager v2.3.2 (*)
      │   │   ├── tauri-plugin-dialog v2.7.1 (*)
      │   │   ├── (build) tauri-plugin-fs v2.5.1 (*)
      │   │   ├── tauri-plugin-os v2.3.2 (*)
      │   │   ├── tauri-runtime v2.11.3 (*)
      │   │   ├── tauri-utils v2.9.3 (*)
      │   │   ├── toml v0.8.2 (*)
      │   │   ├── toml_datetime v0.6.3
      │   │   │   ├── proc-macro-crate v2.0.2 (*)
      │   │   │   ├── toml v0.8.2 (*)
      │   │   │   ├── toml_edit v0.19.15
      │   │   │   │   └── proc-macro-crate v1.3.1
      │   │   │   │       └── gtk3-macros v0.18.2 (*)
      │   │   │   └── toml_edit v0.20.2 (*)
      │   │   ├── toml_edit v0.20.2 (*)
      │   │   ├── url v2.5.8 (*)
      │   │   ├── urlpattern v0.3.0 (*)
      │   │   └── yaml_serde v0.10.4
      │   │       └── muxsmith-core v0.1.0 (*)
      │   └── url v2.5.8 (*)
      ├── serde_derive_internals v0.29.1
      │   ├── schemars_derive v0.8.22 (*)
      │   └── schemars_derive v1.2.1 (*)
      ├── serde_repr v0.1.20
      │   ├── tauri v2.11.5 (*)
      │   └── tauri-plugin-fs v2.5.1 (*)
      ├── serde_with_macros v3.21.0 (*)
      ├── serialize-to-javascript-impl v0.1.2
      │   └── serialize-to-javascript v0.1.2 (*)
      ├── synstructure v0.13.2
      │   ├── yoke-derive v0.8.2
      │   │   └── yoke v0.8.3
      │   │       ├── icu_collections v2.2.0 (*)
      │   │       ├── icu_provider v2.2.0 (*)
      │   │       ├── zerotrie v0.2.4 (*)
      │   │       └── zerovec v0.11.6
      │   │           ├── icu_collections v2.2.0 (*)
      │   │           ├── icu_locale_core v2.2.0 (*)
      │   │           ├── icu_normalizer v2.2.0 (*)
      │   │           ├── icu_properties v2.2.0 (*)
      │   │           ├── icu_provider v2.2.0 (*)
      │   │           ├── potential_utf v0.1.5
      │   │           │   └── icu_collections v2.2.0 (*)
      │   │           └── tinystr v0.8.3 (*)
      │   └── zerofrom-derive v0.1.7
      │       └── zerofrom v0.1.8
      │           ├── icu_collections v2.2.0 (*)
      │           ├── icu_provider v2.2.0 (*)
      │           ├── yoke v0.8.3 (*)
      │           ├── zerotrie v0.2.4 (*)
      │           └── zerovec v0.11.6 (*)
      ├── tao-macros v0.1.3
      │   ├── tao v0.35.3 (*)
      │   └── wry v0.55.1 (*)
      ├── tauri-codegen v2.6.3 (*)
      ├── tauri-macros v2.6.3 (*)
      ├── thiserror-impl v1.0.69
      │   └── thiserror v1.0.69
      │       ├── cairo-rs v0.18.5 (*)
      │       ├── gio v0.18.4 (*)
      │       ├── glib v0.18.5 (*)
      │       ├── jni v0.21.1 (*)
      │       ├── json-patch v3.0.1 (*)
      │       └── ndk v0.9.0 (*)
      ├── thiserror-impl v2.0.18
      │   └── thiserror v2.0.18
      │       ├── cargo_metadata v0.19.2 (*)
      │       ├── fluent-syntax v0.12.0
      │       │   ├── fluent-bundle v0.16.0 (*)
      │       │   └── (dev) muxsmith-cli v0.1.0 (*)
      │       ├── muda v0.19.3 (*)
      │       ├── redox_users v0.5.2
      │       │   └── dirs-sys v0.5.0
      │       │       └── dirs v6.0.0
      │       │           ├── muxsmith-core v0.1.0 (*)
      │       │           ├── muxsmith-gui v0.1.0 (*)
      │       │           ├── tauri v2.11.5 (*)
      │       │           ├── tauri-build v2.6.3 (*)
      │       │           └── wry v0.55.1 (*)
      │       ├── tauri v2.11.5 (*)
      │       ├── tauri-codegen v2.6.3 (*)
      │       ├── tauri-plugin-clipboard-manager v2.3.2 (*)
      │       ├── tauri-plugin-dialog v2.7.1 (*)
      │       ├── tauri-plugin-fs v2.5.1 (*)
      │       ├── tauri-plugin-os v2.3.2 (*)
      │       ├── tauri-runtime v2.11.3 (*)
      │       ├── tauri-utils v2.9.3 (*)
      │       ├── (build) webview2-com-sys v0.38.2
      │       │   └── webview2-com v0.38.2
      │       │       ├── tauri v2.11.5 (*)
      │       │       ├── tauri-runtime v2.11.3 (*)
      │       │       ├── tauri-runtime-wry v2.11.4 (*)
      │       │       └── wry v0.55.1 (*)
      │       ├── wl-clipboard-rs v0.9.3
      │       │   └── arboard v3.6.1
      │       │       └── tauri-plugin-clipboard-manager v2.3.2 (*)
      │       └── wry v0.55.1 (*)
      ├── wasm-bindgen-macro-support v0.2.126
      │   └── wasm-bindgen-macro v0.2.126
      │       └── wasm-bindgen v0.2.126
      │           ├── js-sys v0.3.103 (*)
      │           ├── reqwest v0.13.4 (*)
      │           ├── rfd v0.16.0 (*)
      │           ├── softbuffer v0.4.8 (*)
      │           ├── wasm-bindgen-futures v0.4.76 (*)
      │           ├── wasm-streams v0.5.0 (*)
      │           └── web-sys v0.3.103 (*)
      ├── webview2-com-macros v0.8.1
      │   └── webview2-com v0.38.2 (*)
      ├── windows-implement v0.60.2
      │   ├── webview2-com v0.38.2 (*)
      │   └── windows-core v0.61.2
      │       ├── tao v0.35.3 (*)
      │       ├── webview2-com v0.38.2 (*)
      │       ├── webview2-com-sys v0.38.2 (*)
      │       ├── windows v0.61.3
      │       │   ├── tao v0.35.3 (*)
      │       │   ├── tauri v2.11.5 (*)
      │       │   ├── tauri-runtime v2.11.3 (*)
      │       │   ├── tauri-runtime-wry v2.11.4 (*)
      │       │   ├── webview2-com v0.38.2 (*)
      │       │   ├── webview2-com-sys v0.38.2 (*)
      │       │   └── wry v0.55.1 (*)
      │       ├── windows-collections v0.2.0
      │       │   └── windows v0.61.3 (*)
      │       ├── windows-future v0.2.1
      │       │   └── windows v0.61.3 (*)
      │       ├── windows-numerics v0.2.0
      │       │   └── windows v0.61.3 (*)
      │       └── wry v0.55.1 (*)
      ├── windows-interface v0.59.3
      │   ├── webview2-com v0.38.2 (*)
      │   └── windows-core v0.61.2 (*)
      ├── yoke-derive v0.8.2 (*)
      ├── zerocopy-derive v0.8.54
      │   └── zerocopy v0.8.54
      │       ├── half v2.7.1
      │       │   └── tiff v0.11.3
      │       │       └── image v0.25.10
      │       │           └── arboard v3.6.1 (*)
      │       └── ppv-lite86 v0.2.21
      │           └── rand_chacha v0.9.0
      │               └── proptest v1.11.0
      │                   └── (dev) muxsmith-core v0.1.0 (*)
      ├── zerofrom-derive v0.1.7 (*)
      └── zerovec-derive v0.11.3
          └── zerovec v0.11.6 (*)

warning[duplicate]: found 2 duplicate entries for crate 'thiserror'
    ┌─ /home/senol/Git/Muxsmith/Cargo.lock:364:1
    │  
364 │ ╭ thiserror 1.0.69 registry+https://github.com/rust-lang/crates.io-index
365 │ │ thiserror 2.0.18 registry+https://github.com/rust-lang/crates.io-index
    │ ╰──────────────────────────────────────────────────────────────────────┘ lock entries
    │  
    ├ thiserror v1.0.69
      ├── cairo-rs v0.18.5
      │   ├── gdk v0.18.2
      │   │   ├── gdkx11 v0.18.2
      │   │   │   └── wry v0.55.1
      │   │   │       └── tauri-runtime-wry v2.11.4
      │   │   │           └── tauri v2.11.5
      │   │   │               ├── muxsmith-gui v0.1.0
      │   │   │               ├── tauri-plugin-clipboard-manager v2.3.2
      │   │   │               │   └── muxsmith-gui v0.1.0 (*)
      │   │   │               ├── tauri-plugin-dialog v2.7.1
      │   │   │               │   └── muxsmith-gui v0.1.0 (*)
      │   │   │               ├── tauri-plugin-fs v2.5.1
      │   │   │               │   ├── muxsmith-gui v0.1.0 (*)
      │   │   │               │   └── tauri-plugin-dialog v2.7.1 (*)
      │   │   │               └── tauri-plugin-os v2.3.2
      │   │   │                   └── muxsmith-gui v0.1.0 (*)
      │   │   ├── gtk v0.18.2
      │   │   │   ├── muda v0.19.3
      │   │   │   │   └── tauri v2.11.5 (*)
      │   │   │   ├── tao v0.35.3
      │   │   │   │   └── tauri-runtime-wry v2.11.4 (*)
      │   │   │   ├── tauri v2.11.5 (*)
      │   │   │   ├── tauri-runtime v2.11.3
      │   │   │   │   ├── tauri v2.11.5 (*)
      │   │   │   │   └── tauri-runtime-wry v2.11.4 (*)
      │   │   │   ├── tauri-runtime-wry v2.11.4 (*)
      │   │   │   ├── webkit2gtk v2.0.2
      │   │   │   │   ├── tauri v2.11.5 (*)
      │   │   │   │   ├── tauri-runtime v2.11.3 (*)
      │   │   │   │   ├── tauri-runtime-wry v2.11.4 (*)
      │   │   │   │   └── wry v0.55.1 (*)
      │   │   │   └── wry v0.55.1 (*)
      │   │   └── webkit2gtk v2.0.2 (*)
      │   ├── gtk v0.18.2 (*)
      │   └── webkit2gtk v2.0.2 (*)
      ├── gio v0.18.4
      │   ├── gdk v0.18.2 (*)
      │   ├── gdk-pixbuf v0.18.5
      │   │   ├── gdk v0.18.2 (*)
      │   │   └── gtk v0.18.2 (*)
      │   ├── gdkx11 v0.18.2 (*)
      │   ├── gtk v0.18.2 (*)
      │   ├── pango v0.18.3
      │   │   ├── gdk v0.18.2 (*)
      │   │   └── gtk v0.18.2 (*)
      │   ├── soup3 v0.5.0
      │   │   ├── webkit2gtk v2.0.2 (*)
      │   │   └── wry v0.55.1 (*)
      │   └── webkit2gtk v2.0.2 (*)
      ├── glib v0.18.5
      │   ├── atk v0.18.2
      │   │   └── gtk v0.18.2 (*)
      │   ├── cairo-rs v0.18.5 (*)
      │   ├── gdk v0.18.2 (*)
      │   ├── gdk-pixbuf v0.18.5 (*)
      │   ├── gdkx11 v0.18.2 (*)
      │   ├── gio v0.18.4 (*)
      │   ├── gtk v0.18.2 (*)
      │   ├── javascriptcore-rs v1.1.2
      │   │   ├── webkit2gtk v2.0.2 (*)
      │   │   └── wry v0.55.1 (*)
      │   ├── pango v0.18.3 (*)
      │   ├── soup3 v0.5.0 (*)
      │   └── webkit2gtk v2.0.2 (*)
      ├── jni v0.21.1
      │   ├── tao v0.35.3 (*)
      │   ├── tauri v2.11.5 (*)
      │   ├── tauri-runtime v2.11.3 (*)
      │   ├── tauri-runtime-wry v2.11.4 (*)
      │   └── wry v0.55.1 (*)
      ├── json-patch v3.0.1
      │   ├── tauri-build v2.6.3
      │   │   ├── (build) muxsmith-gui v0.1.0 (*)
      │   │   └── (build) tauri v2.11.5 (*)
      │   ├── tauri-codegen v2.6.3
      │   │   └── tauri-macros v2.6.3
      │   │       └── tauri v2.11.5 (*)
      │   └── tauri-utils v2.9.3
      │       ├── tauri v2.11.5 (*)
      │       ├── tauri-build v2.6.3 (*)
      │       ├── tauri-codegen v2.6.3 (*)
      │       ├── tauri-macros v2.6.3 (*)
      │       ├── tauri-plugin v2.6.3
      │       │   ├── (build) tauri-plugin-clipboard-manager v2.3.2 (*)
      │       │   ├── (build) tauri-plugin-dialog v2.7.1 (*)
      │       │   ├── (build) tauri-plugin-fs v2.5.1 (*)
      │       │   └── (build) tauri-plugin-os v2.3.2 (*)
      │       ├── (build) tauri-plugin-fs v2.5.1 (*)
      │       ├── tauri-runtime v2.11.3 (*)
      │       └── tauri-runtime-wry v2.11.4 (*)
      └── ndk v0.9.0
          ├── softbuffer v0.4.8
          │   └── tauri-runtime-wry v2.11.4 (*)
          ├── tao v0.35.3 (*)
          └── wry v0.55.1 (*)
    ├ thiserror v2.0.18
      ├── cargo_metadata v0.19.2
      │   └── tauri-utils v2.9.3
      │       ├── tauri v2.11.5
      │       │   ├── muxsmith-gui v0.1.0
      │       │   ├── tauri-plugin-clipboard-manager v2.3.2
      │       │   │   └── muxsmith-gui v0.1.0 (*)
      │       │   ├── tauri-plugin-dialog v2.7.1
      │       │   │   └── muxsmith-gui v0.1.0 (*)
      │       │   ├── tauri-plugin-fs v2.5.1
      │       │   │   ├── muxsmith-gui v0.1.0 (*)
      │       │   │   └── tauri-plugin-dialog v2.7.1 (*)
      │       │   └── tauri-plugin-os v2.3.2
      │       │       └── muxsmith-gui v0.1.0 (*)
      │       ├── tauri-build v2.6.3
      │       │   ├── (build) muxsmith-gui v0.1.0 (*)
      │       │   └── (build) tauri v2.11.5 (*)
      │       ├── tauri-codegen v2.6.3
      │       │   └── tauri-macros v2.6.3
      │       │       └── tauri v2.11.5 (*)
      │       ├── tauri-macros v2.6.3 (*)
      │       ├── tauri-plugin v2.6.3
      │       │   ├── (build) tauri-plugin-clipboard-manager v2.3.2 (*)
      │       │   ├── (build) tauri-plugin-dialog v2.7.1 (*)
      │       │   ├── (build) tauri-plugin-fs v2.5.1 (*)
      │       │   └── (build) tauri-plugin-os v2.3.2 (*)
      │       ├── (build) tauri-plugin-fs v2.5.1 (*)
      │       ├── tauri-runtime v2.11.3
      │       │   ├── tauri v2.11.5 (*)
      │       │   └── tauri-runtime-wry v2.11.4
      │       │       └── tauri v2.11.5 (*)
      │       └── tauri-runtime-wry v2.11.4 (*)
      ├── fluent-syntax v0.12.0
      │   ├── fluent-bundle v0.16.0
      │   │   └── muxsmith-cli v0.1.0
      │   └── (dev) muxsmith-cli v0.1.0 (*)
      ├── muda v0.19.3
      │   └── tauri v2.11.5 (*)
      ├── redox_users v0.5.2
      │   └── dirs-sys v0.5.0
      │       └── dirs v6.0.0
      │           ├── muxsmith-core v0.1.0
      │           │   ├── muxsmith-cli v0.1.0 (*)
      │           │   └── muxsmith-gui v0.1.0 (*)
      │           ├── muxsmith-gui v0.1.0 (*)
      │           ├── tauri v2.11.5 (*)
      │           ├── tauri-build v2.6.3 (*)
      │           └── wry v0.55.1
      │               └── tauri-runtime-wry v2.11.4 (*)
      ├── tauri v2.11.5 (*)
      ├── tauri-codegen v2.6.3 (*)
      ├── tauri-plugin-clipboard-manager v2.3.2 (*)
      ├── tauri-plugin-dialog v2.7.1 (*)
      ├── tauri-plugin-fs v2.5.1 (*)
      ├── tauri-plugin-os v2.3.2 (*)
      ├── tauri-runtime v2.11.3 (*)
      ├── tauri-utils v2.9.3 (*)
      ├── (build) webview2-com-sys v0.38.2
      │   └── webview2-com v0.38.2
      │       ├── tauri v2.11.5 (*)
      │       ├── tauri-runtime v2.11.3 (*)
      │       ├── tauri-runtime-wry v2.11.4 (*)
      │       └── wry v0.55.1 (*)
      ├── wl-clipboard-rs v0.9.3
      │   └── arboard v3.6.1
      │       └── tauri-plugin-clipboard-manager v2.3.2 (*)
      └── wry v0.55.1 (*)

warning[duplicate]: found 2 duplicate entries for crate 'thiserror-impl'
    ┌─ /home/senol/Git/Muxsmith/Cargo.lock:366:1
    │  
366 │ ╭ thiserror-impl 1.0.69 registry+https://github.com/rust-lang/crates.io-index
367 │ │ thiserror-impl 2.0.18 registry+https://github.com/rust-lang/crates.io-index
    │ ╰───────────────────────────────────────────────────────────────────────────┘ lock entries
    │  
    ├ thiserror-impl v1.0.69
      └── thiserror v1.0.69
          ├── cairo-rs v0.18.5
          │   ├── gdk v0.18.2
          │   │   ├── gdkx11 v0.18.2
          │   │   │   └── wry v0.55.1
          │   │   │       └── tauri-runtime-wry v2.11.4
          │   │   │           └── tauri v2.11.5
          │   │   │               ├── muxsmith-gui v0.1.0
          │   │   │               ├── tauri-plugin-clipboard-manager v2.3.2
          │   │   │               │   └── muxsmith-gui v0.1.0 (*)
          │   │   │               ├── tauri-plugin-dialog v2.7.1
          │   │   │               │   └── muxsmith-gui v0.1.0 (*)
          │   │   │               ├── tauri-plugin-fs v2.5.1
          │   │   │               │   ├── muxsmith-gui v0.1.0 (*)
          │   │   │               │   └── tauri-plugin-dialog v2.7.1 (*)
          │   │   │               └── tauri-plugin-os v2.3.2
          │   │   │                   └── muxsmith-gui v0.1.0 (*)
          │   │   ├── gtk v0.18.2
          │   │   │   ├── muda v0.19.3
          │   │   │   │   └── tauri v2.11.5 (*)
          │   │   │   ├── tao v0.35.3
          │   │   │   │   └── tauri-runtime-wry v2.11.4 (*)
          │   │   │   ├── tauri v2.11.5 (*)
          │   │   │   ├── tauri-runtime v2.11.3
          │   │   │   │   ├── tauri v2.11.5 (*)
          │   │   │   │   └── tauri-runtime-wry v2.11.4 (*)
          │   │   │   ├── tauri-runtime-wry v2.11.4 (*)
          │   │   │   ├── webkit2gtk v2.0.2
          │   │   │   │   ├── tauri v2.11.5 (*)
          │   │   │   │   ├── tauri-runtime v2.11.3 (*)
          │   │   │   │   ├── tauri-runtime-wry v2.11.4 (*)
          │   │   │   │   └── wry v0.55.1 (*)
          │   │   │   └── wry v0.55.1 (*)
          │   │   └── webkit2gtk v2.0.2 (*)
          │   ├── gtk v0.18.2 (*)
          │   └── webkit2gtk v2.0.2 (*)
          ├── gio v0.18.4
          │   ├── gdk v0.18.2 (*)
          │   ├── gdk-pixbuf v0.18.5
          │   │   ├── gdk v0.18.2 (*)
          │   │   └── gtk v0.18.2 (*)
          │   ├── gdkx11 v0.18.2 (*)
          │   ├── gtk v0.18.2 (*)
          │   ├── pango v0.18.3
          │   │   ├── gdk v0.18.2 (*)
          │   │   └── gtk v0.18.2 (*)
          │   ├── soup3 v0.5.0
          │   │   ├── webkit2gtk v2.0.2 (*)
          │   │   └── wry v0.55.1 (*)
          │   └── webkit2gtk v2.0.2 (*)
          ├── glib v0.18.5
          │   ├── atk v0.18.2
          │   │   └── gtk v0.18.2 (*)
          │   ├── cairo-rs v0.18.5 (*)
          │   ├── gdk v0.18.2 (*)
          │   ├── gdk-pixbuf v0.18.5 (*)
          │   ├── gdkx11 v0.18.2 (*)
          │   ├── gio v0.18.4 (*)
          │   ├── gtk v0.18.2 (*)
          │   ├── javascriptcore-rs v1.1.2
          │   │   ├── webkit2gtk v2.0.2 (*)
          │   │   └── wry v0.55.1 (*)
          │   ├── pango v0.18.3 (*)
          │   ├── soup3 v0.5.0 (*)
          │   └── webkit2gtk v2.0.2 (*)
          ├── jni v0.21.1
          │   ├── tao v0.35.3 (*)
          │   ├── tauri v2.11.5 (*)
          │   ├── tauri-runtime v2.11.3 (*)
          │   ├── tauri-runtime-wry v2.11.4 (*)
          │   └── wry v0.55.1 (*)
          ├── json-patch v3.0.1
          │   ├── tauri-build v2.6.3
          │   │   ├── (build) muxsmith-gui v0.1.0 (*)
          │   │   └── (build) tauri v2.11.5 (*)
          │   ├── tauri-codegen v2.6.3
          │   │   └── tauri-macros v2.6.3
          │   │       └── tauri v2.11.5 (*)
          │   └── tauri-utils v2.9.3
          │       ├── tauri v2.11.5 (*)
          │       ├── tauri-build v2.6.3 (*)
          │       ├── tauri-codegen v2.6.3 (*)
          │       ├── tauri-macros v2.6.3 (*)
          │       ├── tauri-plugin v2.6.3
          │       │   ├── (build) tauri-plugin-clipboard-manager v2.3.2 (*)
          │       │   ├── (build) tauri-plugin-dialog v2.7.1 (*)
          │       │   ├── (build) tauri-plugin-fs v2.5.1 (*)
          │       │   └── (build) tauri-plugin-os v2.3.2 (*)
          │       ├── (build) tauri-plugin-fs v2.5.1 (*)
          │       ├── tauri-runtime v2.11.3 (*)
          │       └── tauri-runtime-wry v2.11.4 (*)
          └── ndk v0.9.0
              ├── softbuffer v0.4.8
              │   └── tauri-runtime-wry v2.11.4 (*)
              ├── tao v0.35.3 (*)
              └── wry v0.55.1 (*)
    ├ thiserror-impl v2.0.18
      └── thiserror v2.0.18
          ├── cargo_metadata v0.19.2
          │   └── tauri-utils v2.9.3
          │       ├── tauri v2.11.5
          │       │   ├── muxsmith-gui v0.1.0
          │       │   ├── tauri-plugin-clipboard-manager v2.3.2
          │       │   │   └── muxsmith-gui v0.1.0 (*)
          │       │   ├── tauri-plugin-dialog v2.7.1
          │       │   │   └── muxsmith-gui v0.1.0 (*)
          │       │   ├── tauri-plugin-fs v2.5.1
          │       │   │   ├── muxsmith-gui v0.1.0 (*)
          │       │   │   └── tauri-plugin-dialog v2.7.1 (*)
          │       │   └── tauri-plugin-os v2.3.2
          │       │       └── muxsmith-gui v0.1.0 (*)
          │       ├── tauri-build v2.6.3
          │       │   ├── (build) muxsmith-gui v0.1.0 (*)
          │       │   └── (build) tauri v2.11.5 (*)
          │       ├── tauri-codegen v2.6.3
          │       │   └── tauri-macros v2.6.3
          │       │       └── tauri v2.11.5 (*)
          │       ├── tauri-macros v2.6.3 (*)
          │       ├── tauri-plugin v2.6.3
          │       │   ├── (build) tauri-plugin-clipboard-manager v2.3.2 (*)
          │       │   ├── (build) tauri-plugin-dialog v2.7.1 (*)
          │       │   ├── (build) tauri-plugin-fs v2.5.1 (*)
          │       │   └── (build) tauri-plugin-os v2.3.2 (*)
          │       ├── (build) tauri-plugin-fs v2.5.1 (*)
          │       ├── tauri-runtime v2.11.3
          │       │   ├── tauri v2.11.5 (*)
          │       │   └── tauri-runtime-wry v2.11.4
          │       │       └── tauri v2.11.5 (*)
          │       └── tauri-runtime-wry v2.11.4 (*)
          ├── fluent-syntax v0.12.0
          │   ├── fluent-bundle v0.16.0
          │   │   └── muxsmith-cli v0.1.0
          │   └── (dev) muxsmith-cli v0.1.0 (*)
          ├── muda v0.19.3
          │   └── tauri v2.11.5 (*)
          ├── redox_users v0.5.2
          │   └── dirs-sys v0.5.0
          │       └── dirs v6.0.0
          │           ├── muxsmith-core v0.1.0
          │           │   ├── muxsmith-cli v0.1.0 (*)
          │           │   └── muxsmith-gui v0.1.0 (*)
          │           ├── muxsmith-gui v0.1.0 (*)
          │           ├── tauri v2.11.5 (*)
          │           ├── tauri-build v2.6.3 (*)
          │           └── wry v0.55.1
          │               └── tauri-runtime-wry v2.11.4 (*)
          ├── tauri v2.11.5 (*)
          ├── tauri-codegen v2.6.3 (*)
          ├── tauri-plugin-clipboard-manager v2.3.2 (*)
          ├── tauri-plugin-dialog v2.7.1 (*)
          ├── tauri-plugin-fs v2.5.1 (*)
          ├── tauri-plugin-os v2.3.2 (*)
          ├── tauri-runtime v2.11.3 (*)
          ├── tauri-utils v2.9.3 (*)
          ├── (build) webview2-com-sys v0.38.2
          │   └── webview2-com v0.38.2
          │       ├── tauri v2.11.5 (*)
          │       ├── tauri-runtime v2.11.3 (*)
          │       ├── tauri-runtime-wry v2.11.4 (*)
          │       └── wry v0.55.1 (*)
          ├── wl-clipboard-rs v0.9.3
          │   └── arboard v3.6.1
          │       └── tauri-plugin-clipboard-manager v2.3.2 (*)
          └── wry v0.55.1 (*)

warning[duplicate]: found 3 duplicate entries for crate 'toml'
    ┌─ /home/senol/Git/Muxsmith/Cargo.lock:375:1
    │  
375 │ ╭ toml 0.8.2 registry+https://github.com/rust-lang/crates.io-index
376 │ │ toml 0.9.12+spec-1.1.0 registry+https://github.com/rust-lang/crates.io-index
377 │ │ toml 1.1.2+spec-1.1.0 registry+https://github.com/rust-lang/crates.io-index
    │ ╰───────────────────────────────────────────────────────────────────────────┘ lock entries
    │  
    ├ toml v0.8.2
      └── system-deps v6.2.2
          ├── (build) atk-sys v0.18.2
          │   ├── atk v0.18.2
          │   │   └── gtk v0.18.2
          │   │       ├── muda v0.19.3
          │   │       │   └── tauri v2.11.5
          │   │       │       ├── muxsmith-gui v0.1.0
          │   │       │       ├── tauri-plugin-clipboard-manager v2.3.2
          │   │       │       │   └── muxsmith-gui v0.1.0 (*)
          │   │       │       ├── tauri-plugin-dialog v2.7.1
          │   │       │       │   └── muxsmith-gui v0.1.0 (*)
          │   │       │       ├── tauri-plugin-fs v2.5.1
          │   │       │       │   ├── muxsmith-gui v0.1.0 (*)
          │   │       │       │   └── tauri-plugin-dialog v2.7.1 (*)
          │   │       │       └── tauri-plugin-os v2.3.2
          │   │       │           └── muxsmith-gui v0.1.0 (*)
          │   │       ├── tao v0.35.3
          │   │       │   └── tauri-runtime-wry v2.11.4
          │   │       │       └── tauri v2.11.5 (*)
          │   │       ├── tauri v2.11.5 (*)
          │   │       ├── tauri-runtime v2.11.3
          │   │       │   ├── tauri v2.11.5 (*)
          │   │       │   └── tauri-runtime-wry v2.11.4 (*)
          │   │       ├── tauri-runtime-wry v2.11.4 (*)
          │   │       ├── webkit2gtk v2.0.2
          │   │       │   ├── tauri v2.11.5 (*)
          │   │       │   ├── tauri-runtime v2.11.3 (*)
          │   │       │   ├── tauri-runtime-wry v2.11.4 (*)
          │   │       │   └── wry v0.55.1
          │   │       │       └── tauri-runtime-wry v2.11.4 (*)
          │   │       └── wry v0.55.1 (*)
          │   └── gtk-sys v0.18.2
          │       ├── gtk v0.18.2 (*)
          │       ├── rfd v0.16.0
          │       │   └── tauri-plugin-dialog v2.7.1 (*)
          │       ├── webkit2gtk v2.0.2 (*)
          │       └── webkit2gtk-sys v2.0.2
          │           ├── webkit2gtk v2.0.2 (*)
          │           └── wry v0.55.1 (*)
          ├── (build) cairo-sys-rs v0.18.2
          │   ├── cairo-rs v0.18.5
          │   │   ├── gdk v0.18.2
          │   │   │   ├── gdkx11 v0.18.2
          │   │   │   │   └── wry v0.55.1 (*)
          │   │   │   ├── gtk v0.18.2 (*)
          │   │   │   └── webkit2gtk v2.0.2 (*)
          │   │   ├── gtk v0.18.2 (*)
          │   │   └── webkit2gtk v2.0.2 (*)
          │   ├── gdk-sys v0.18.2
          │   │   ├── gdk v0.18.2 (*)
          │   │   ├── gdkwayland-sys v0.18.2
          │   │   │   └── tao v0.35.3 (*)
          │   │   ├── gdkx11-sys v0.18.2
          │   │   │   ├── gdkx11 v0.18.2 (*)
          │   │   │   └── tao v0.35.3 (*)
          │   │   ├── gtk-sys v0.18.2 (*)
          │   │   ├── webkit2gtk v2.0.2 (*)
          │   │   └── webkit2gtk-sys v2.0.2 (*)
          │   ├── gtk-sys v0.18.2 (*)
          │   └── webkit2gtk-sys v2.0.2 (*)
          ├── (build) gdk-pixbuf-sys v0.18.0
          │   ├── gdk-pixbuf v0.18.5
          │   │   ├── gdk v0.18.2 (*)
          │   │   └── gtk v0.18.2 (*)
          │   ├── gdk-sys v0.18.2 (*)
          │   └── gtk-sys v0.18.2 (*)
          ├── (build) gdk-sys v0.18.2 (*)
          ├── (build) gdkwayland-sys v0.18.2 (*)
          ├── (build) gdkx11-sys v0.18.2 (*)
          ├── (build) gio-sys v0.18.1
          │   ├── gdk-pixbuf-sys v0.18.0 (*)
          │   ├── gdk-sys v0.18.2 (*)
          │   ├── gio v0.18.4
          │   │   ├── gdk v0.18.2 (*)
          │   │   ├── gdk-pixbuf v0.18.5 (*)
          │   │   ├── gdkx11 v0.18.2 (*)
          │   │   ├── gtk v0.18.2 (*)
          │   │   ├── pango v0.18.3
          │   │   │   ├── gdk v0.18.2 (*)
          │   │   │   └── gtk v0.18.2 (*)
          │   │   ├── soup3 v0.5.0
          │   │   │   ├── webkit2gtk v2.0.2 (*)
          │   │   │   └── wry v0.55.1 (*)
          │   │   └── webkit2gtk v2.0.2 (*)
          │   ├── glib v0.18.5
          │   │   ├── atk v0.18.2 (*)
          │   │   ├── cairo-rs v0.18.5 (*)
          │   │   ├── gdk v0.18.2 (*)
          │   │   ├── gdk-pixbuf v0.18.5 (*)
          │   │   ├── gdkx11 v0.18.2 (*)
          │   │   ├── gio v0.18.4 (*)
          │   │   ├── gtk v0.18.2 (*)
          │   │   ├── javascriptcore-rs v1.1.2
          │   │   │   ├── webkit2gtk v2.0.2 (*)
          │   │   │   └── wry v0.55.1 (*)
          │   │   ├── pango v0.18.3 (*)
          │   │   ├── soup3 v0.5.0 (*)
          │   │   └── webkit2gtk v2.0.2 (*)
          │   ├── gtk-sys v0.18.2 (*)
          │   ├── soup3-sys v0.5.0
          │   │   ├── soup3 v0.5.0 (*)
          │   │   └── webkit2gtk-sys v2.0.2 (*)
          │   ├── webkit2gtk v2.0.2 (*)
          │   └── webkit2gtk-sys v2.0.2 (*)
          ├── (build) glib-sys v0.18.1
          │   ├── atk-sys v0.18.2 (*)
          │   ├── cairo-sys-rs v0.18.2 (*)
          │   ├── gdk-pixbuf-sys v0.18.0 (*)
          │   ├── gdk-sys v0.18.2 (*)
          │   ├── gdkwayland-sys v0.18.2 (*)
          │   ├── gdkx11-sys v0.18.2 (*)
          │   ├── gio-sys v0.18.1 (*)
          │   ├── glib v0.18.5 (*)
          │   ├── gobject-sys v0.18.0
          │   │   ├── atk-sys v0.18.2 (*)
          │   │   ├── gdk-pixbuf-sys v0.18.0 (*)
          │   │   ├── gdk-sys v0.18.2 (*)
          │   │   ├── gdkwayland-sys v0.18.2 (*)
          │   │   ├── gio-sys v0.18.1 (*)
          │   │   ├── glib v0.18.5 (*)
          │   │   ├── gtk-sys v0.18.2 (*)
          │   │   ├── javascriptcore-rs-sys v1.1.1
          │   │   │   ├── javascriptcore-rs v1.1.2 (*)
          │   │   │   └── webkit2gtk-sys v2.0.2 (*)
          │   │   ├── pango-sys v0.18.0
          │   │   │   ├── gdk-sys v0.18.2 (*)
          │   │   │   ├── gtk-sys v0.18.2 (*)
          │   │   │   └── pango v0.18.3 (*)
          │   │   ├── rfd v0.16.0 (*)
          │   │   ├── soup3-sys v0.5.0 (*)
          │   │   ├── webkit2gtk v2.0.2 (*)
          │   │   └── webkit2gtk-sys v2.0.2 (*)
          │   ├── gtk-sys v0.18.2 (*)
          │   ├── javascriptcore-rs-sys v1.1.1 (*)
          │   ├── pango-sys v0.18.0 (*)
          │   ├── rfd v0.16.0 (*)
          │   ├── soup3-sys v0.5.0 (*)
          │   ├── webkit2gtk v2.0.2 (*)
          │   └── webkit2gtk-sys v2.0.2 (*)
          ├── (build) gobject-sys v0.18.0 (*)
          ├── (build) gtk-sys v0.18.2 (*)
          ├── (build) javascriptcore-rs-sys v1.1.1 (*)
          ├── (build) pango-sys v0.18.0 (*)
          ├── (build) soup3-sys v0.5.0 (*)
          └── (build) webkit2gtk-sys v2.0.2 (*)
    ├ toml v0.9.12+spec-1.1.0
      └── cargo_toml v0.22.3
          └── tauri-build v2.6.3
              ├── (build) muxsmith-gui v0.1.0
              └── (build) tauri v2.11.5
                  ├── muxsmith-gui v0.1.0 (*)
                  ├── tauri-plugin-clipboard-manager v2.3.2
                  │   └── muxsmith-gui v0.1.0 (*)
                  ├── tauri-plugin-dialog v2.7.1
                  │   └── muxsmith-gui v0.1.0 (*)
                  ├── tauri-plugin-fs v2.5.1
                  │   ├── muxsmith-gui v0.1.0 (*)
                  │   └── tauri-plugin-dialog v2.7.1 (*)
                  └── tauri-plugin-os v2.3.2
                      └── muxsmith-gui v0.1.0 (*)
    ├ toml v1.1.2+spec-1.1.0
      ├── embed-resource v3.0.11
      │   └── tauri-winres v0.3.6
      │       └── tauri-build v2.6.3
      │           ├── (build) muxsmith-gui v0.1.0
      │           └── (build) tauri v2.11.5
      │               ├── muxsmith-gui v0.1.0 (*)
      │               ├── tauri-plugin-clipboard-manager v2.3.2
      │               │   └── muxsmith-gui v0.1.0 (*)
      │               ├── tauri-plugin-dialog v2.7.1
      │               │   └── muxsmith-gui v0.1.0 (*)
      │               ├── tauri-plugin-fs v2.5.1
      │               │   ├── muxsmith-gui v0.1.0 (*)
      │               │   └── tauri-plugin-dialog v2.7.1 (*)
      │               └── tauri-plugin-os v2.3.2
      │                   └── muxsmith-gui v0.1.0 (*)
      ├── (build) tauri-plugin-fs v2.5.1 (*)
      ├── tauri-utils v2.9.3
      │   ├── tauri v2.11.5 (*)
      │   ├── tauri-build v2.6.3 (*)
      │   ├── tauri-codegen v2.6.3
      │   │   └── tauri-macros v2.6.3
      │   │       └── tauri v2.11.5 (*)
      │   ├── tauri-macros v2.6.3 (*)
      │   ├── tauri-plugin v2.6.3
      │   │   ├── (build) tauri-plugin-clipboard-manager v2.3.2 (*)
      │   │   ├── (build) tauri-plugin-dialog v2.7.1 (*)
      │   │   ├── (build) tauri-plugin-fs v2.5.1 (*)
      │   │   └── (build) tauri-plugin-os v2.3.2 (*)
      │   ├── (build) tauri-plugin-fs v2.5.1 (*)
      │   ├── tauri-runtime v2.11.3
      │   │   ├── tauri v2.11.5 (*)
      │   │   └── tauri-runtime-wry v2.11.4
      │   │       └── tauri v2.11.5 (*)
      │   └── tauri-runtime-wry v2.11.4 (*)
      └── tauri-winres v0.3.6 (*)

warning[duplicate]: found 3 duplicate entries for crate 'toml_datetime'
    ┌─ /home/senol/Git/Muxsmith/Cargo.lock:378:1
    │  
378 │ ╭ toml_datetime 0.6.3 registry+https://github.com/rust-lang/crates.io-index
379 │ │ toml_datetime 0.7.5+spec-1.1.0 registry+https://github.com/rust-lang/crates.io-index
380 │ │ toml_datetime 1.1.1+spec-1.1.0 registry+https://github.com/rust-lang/crates.io-index
    │ ╰────────────────────────────────────────────────────────────────────────────────────┘ lock entries
    │  
    ├ toml_datetime v0.6.3
      ├── proc-macro-crate v2.0.2
      │   └── glib-macros v0.18.5
      │       └── glib v0.18.5
      │           ├── atk v0.18.2
      │           │   └── gtk v0.18.2
      │           │       ├── muda v0.19.3
      │           │       │   └── tauri v2.11.5
      │           │       │       ├── muxsmith-gui v0.1.0
      │           │       │       ├── tauri-plugin-clipboard-manager v2.3.2
      │           │       │       │   └── muxsmith-gui v0.1.0 (*)
      │           │       │       ├── tauri-plugin-dialog v2.7.1
      │           │       │       │   └── muxsmith-gui v0.1.0 (*)
      │           │       │       ├── tauri-plugin-fs v2.5.1
      │           │       │       │   ├── muxsmith-gui v0.1.0 (*)
      │           │       │       │   └── tauri-plugin-dialog v2.7.1 (*)
      │           │       │       └── tauri-plugin-os v2.3.2
      │           │       │           └── muxsmith-gui v0.1.0 (*)
      │           │       ├── tao v0.35.3
      │           │       │   └── tauri-runtime-wry v2.11.4
      │           │       │       └── tauri v2.11.5 (*)
      │           │       ├── tauri v2.11.5 (*)
      │           │       ├── tauri-runtime v2.11.3
      │           │       │   ├── tauri v2.11.5 (*)
      │           │       │   └── tauri-runtime-wry v2.11.4 (*)
      │           │       ├── tauri-runtime-wry v2.11.4 (*)
      │           │       ├── webkit2gtk v2.0.2
      │           │       │   ├── tauri v2.11.5 (*)
      │           │       │   ├── tauri-runtime v2.11.3 (*)
      │           │       │   ├── tauri-runtime-wry v2.11.4 (*)
      │           │       │   └── wry v0.55.1
      │           │       │       └── tauri-runtime-wry v2.11.4 (*)
      │           │       └── wry v0.55.1 (*)
      │           ├── cairo-rs v0.18.5
      │           │   ├── gdk v0.18.2
      │           │   │   ├── gdkx11 v0.18.2
      │           │   │   │   └── wry v0.55.1 (*)
      │           │   │   ├── gtk v0.18.2 (*)
      │           │   │   └── webkit2gtk v2.0.2 (*)
      │           │   ├── gtk v0.18.2 (*)
      │           │   └── webkit2gtk v2.0.2 (*)
      │           ├── gdk v0.18.2 (*)
      │           ├── gdk-pixbuf v0.18.5
      │           │   ├── gdk v0.18.2 (*)
      │           │   └── gtk v0.18.2 (*)
      │           ├── gdkx11 v0.18.2 (*)
      │           ├── gio v0.18.4
      │           │   ├── gdk v0.18.2 (*)
      │           │   ├── gdk-pixbuf v0.18.5 (*)
      │           │   ├── gdkx11 v0.18.2 (*)
      │           │   ├── gtk v0.18.2 (*)
      │           │   ├── pango v0.18.3
      │           │   │   ├── gdk v0.18.2 (*)
      │           │   │   └── gtk v0.18.2 (*)
      │           │   ├── soup3 v0.5.0
      │           │   │   ├── webkit2gtk v2.0.2 (*)
      │           │   │   └── wry v0.55.1 (*)
      │           │   └── webkit2gtk v2.0.2 (*)
      │           ├── gtk v0.18.2 (*)
      │           ├── javascriptcore-rs v1.1.2
      │           │   ├── webkit2gtk v2.0.2 (*)
      │           │   └── wry v0.55.1 (*)
      │           ├── pango v0.18.3 (*)
      │           ├── soup3 v0.5.0 (*)
      │           └── webkit2gtk v2.0.2 (*)
      ├── toml v0.8.2
      │   └── system-deps v6.2.2
      │       ├── (build) atk-sys v0.18.2
      │       │   ├── atk v0.18.2 (*)
      │       │   └── gtk-sys v0.18.2
      │       │       ├── gtk v0.18.2 (*)
      │       │       ├── rfd v0.16.0
      │       │       │   └── tauri-plugin-dialog v2.7.1 (*)
      │       │       ├── webkit2gtk v2.0.2 (*)
      │       │       └── webkit2gtk-sys v2.0.2
      │       │           ├── webkit2gtk v2.0.2 (*)
      │       │           └── wry v0.55.1 (*)
      │       ├── (build) cairo-sys-rs v0.18.2
      │       │   ├── cairo-rs v0.18.5 (*)
      │       │   ├── gdk-sys v0.18.2
      │       │   │   ├── gdk v0.18.2 (*)
      │       │   │   ├── gdkwayland-sys v0.18.2
      │       │   │   │   └── tao v0.35.3 (*)
      │       │   │   ├── gdkx11-sys v0.18.2
      │       │   │   │   ├── gdkx11 v0.18.2 (*)
      │       │   │   │   └── tao v0.35.3 (*)
      │       │   │   ├── gtk-sys v0.18.2 (*)
      │       │   │   ├── webkit2gtk v2.0.2 (*)
      │       │   │   └── webkit2gtk-sys v2.0.2 (*)
      │       │   ├── gtk-sys v0.18.2 (*)
      │       │   └── webkit2gtk-sys v2.0.2 (*)
      │       ├── (build) gdk-pixbuf-sys v0.18.0
      │       │   ├── gdk-pixbuf v0.18.5 (*)
      │       │   ├── gdk-sys v0.18.2 (*)
      │       │   └── gtk-sys v0.18.2 (*)
      │       ├── (build) gdk-sys v0.18.2 (*)
      │       ├── (build) gdkwayland-sys v0.18.2 (*)
      │       ├── (build) gdkx11-sys v0.18.2 (*)
      │       ├── (build) gio-sys v0.18.1
      │       │   ├── gdk-pixbuf-sys v0.18.0 (*)
      │       │   ├── gdk-sys v0.18.2 (*)
      │       │   ├── gio v0.18.4 (*)
      │       │   ├── glib v0.18.5 (*)
      │       │   ├── gtk-sys v0.18.2 (*)
      │       │   ├── soup3-sys v0.5.0
      │       │   │   ├── soup3 v0.5.0 (*)
      │       │   │   └── webkit2gtk-sys v2.0.2 (*)
      │       │   ├── webkit2gtk v2.0.2 (*)
      │       │   └── webkit2gtk-sys v2.0.2 (*)
      │       ├── (build) glib-sys v0.18.1
      │       │   ├── atk-sys v0.18.2 (*)
      │       │   ├── cairo-sys-rs v0.18.2 (*)
      │       │   ├── gdk-pixbuf-sys v0.18.0 (*)
      │       │   ├── gdk-sys v0.18.2 (*)
      │       │   ├── gdkwayland-sys v0.18.2 (*)
      │       │   ├── gdkx11-sys v0.18.2 (*)
      │       │   ├── gio-sys v0.18.1 (*)
      │       │   ├── glib v0.18.5 (*)
      │       │   ├── gobject-sys v0.18.0
      │       │   │   ├── atk-sys v0.18.2 (*)
      │       │   │   ├── gdk-pixbuf-sys v0.18.0 (*)
      │       │   │   ├── gdk-sys v0.18.2 (*)
      │       │   │   ├── gdkwayland-sys v0.18.2 (*)
      │       │   │   ├── gio-sys v0.18.1 (*)
      │       │   │   ├── glib v0.18.5 (*)
      │       │   │   ├── gtk-sys v0.18.2 (*)
      │       │   │   ├── javascriptcore-rs-sys v1.1.1
      │       │   │   │   ├── javascriptcore-rs v1.1.2 (*)
      │       │   │   │   └── webkit2gtk-sys v2.0.2 (*)
      │       │   │   ├── pango-sys v0.18.0
      │       │   │   │   ├── gdk-sys v0.18.2 (*)
      │       │   │   │   ├── gtk-sys v0.18.2 (*)
      │       │   │   │   └── pango v0.18.3 (*)
      │       │   │   ├── rfd v0.16.0 (*)
      │       │   │   ├── soup3-sys v0.5.0 (*)
      │       │   │   ├── webkit2gtk v2.0.2 (*)
      │       │   │   └── webkit2gtk-sys v2.0.2 (*)
      │       │   ├── gtk-sys v0.18.2 (*)
      │       │   ├── javascriptcore-rs-sys v1.1.1 (*)
      │       │   ├── pango-sys v0.18.0 (*)
      │       │   ├── rfd v0.16.0 (*)
      │       │   ├── soup3-sys v0.5.0 (*)
      │       │   ├── webkit2gtk v2.0.2 (*)
      │       │   └── webkit2gtk-sys v2.0.2 (*)
      │       ├── (build) gobject-sys v0.18.0 (*)
      │       ├── (build) gtk-sys v0.18.2 (*)
      │       ├── (build) javascriptcore-rs-sys v1.1.1 (*)
      │       ├── (build) pango-sys v0.18.0 (*)
      │       ├── (build) soup3-sys v0.5.0 (*)
      │       └── (build) webkit2gtk-sys v2.0.2 (*)
      ├── toml_edit v0.19.15
      │   └── proc-macro-crate v1.3.1
      │       └── gtk3-macros v0.18.2
      │           └── gtk v0.18.2 (*)
      └── toml_edit v0.20.2
          ├── proc-macro-crate v2.0.2 (*)
          └── toml v0.8.2 (*)
    ├ toml_datetime v0.7.5+spec-1.1.0
      └── toml v0.9.12+spec-1.1.0
          └── cargo_toml v0.22.3
              └── tauri-build v2.6.3
                  ├── (build) muxsmith-gui v0.1.0
                  └── (build) tauri v2.11.5
                      ├── muxsmith-gui v0.1.0 (*)
                      ├── tauri-plugin-clipboard-manager v2.3.2
                      │   └── muxsmith-gui v0.1.0 (*)
                      ├── tauri-plugin-dialog v2.7.1
                      │   └── muxsmith-gui v0.1.0 (*)
                      ├── tauri-plugin-fs v2.5.1
                      │   ├── muxsmith-gui v0.1.0 (*)
                      │   └── tauri-plugin-dialog v2.7.1 (*)
                      └── tauri-plugin-os v2.3.2
                          └── muxsmith-gui v0.1.0 (*)
    ├ toml_datetime v1.1.1+spec-1.1.0
      ├── toml v1.1.2+spec-1.1.0
      │   ├── embed-resource v3.0.11
      │   │   └── tauri-winres v0.3.6
      │   │       └── tauri-build v2.6.3
      │   │           ├── (build) muxsmith-gui v0.1.0
      │   │           └── (build) tauri v2.11.5
      │   │               ├── muxsmith-gui v0.1.0 (*)
      │   │               ├── tauri-plugin-clipboard-manager v2.3.2
      │   │               │   └── muxsmith-gui v0.1.0 (*)
      │   │               ├── tauri-plugin-dialog v2.7.1
      │   │               │   └── muxsmith-gui v0.1.0 (*)
      │   │               ├── tauri-plugin-fs v2.5.1
      │   │               │   ├── muxsmith-gui v0.1.0 (*)
      │   │               │   └── tauri-plugin-dialog v2.7.1 (*)
      │   │               └── tauri-plugin-os v2.3.2
      │   │                   └── muxsmith-gui v0.1.0 (*)
      │   ├── (build) tauri-plugin-fs v2.5.1 (*)
      │   ├── tauri-utils v2.9.3
      │   │   ├── tauri v2.11.5 (*)
      │   │   ├── tauri-build v2.6.3 (*)
      │   │   ├── tauri-codegen v2.6.3
      │   │   │   └── tauri-macros v2.6.3
      │   │   │       └── tauri v2.11.5 (*)
      │   │   ├── tauri-macros v2.6.3 (*)
      │   │   ├── tauri-plugin v2.6.3
      │   │   │   ├── (build) tauri-plugin-clipboard-manager v2.3.2 (*)
      │   │   │   ├── (build) tauri-plugin-dialog v2.7.1 (*)
      │   │   │   ├── (build) tauri-plugin-fs v2.5.1 (*)
      │   │   │   └── (build) tauri-plugin-os v2.3.2 (*)
      │   │   ├── (build) tauri-plugin-fs v2.5.1 (*)
      │   │   ├── tauri-runtime v2.11.3
      │   │   │   ├── tauri v2.11.5 (*)
      │   │   │   └── tauri-runtime-wry v2.11.4
      │   │   │       └── tauri v2.11.5 (*)
      │   │   └── tauri-runtime-wry v2.11.4 (*)
      │   └── tauri-winres v0.3.6 (*)
      └── toml_edit v0.25.12+spec-1.1.0
          └── proc-macro-crate v3.5.0
              └── num_enum_derive v0.7.6
                  └── num_enum v0.7.6
                      └── ndk v0.9.0
                          ├── softbuffer v0.4.8
                          │   └── tauri-runtime-wry v2.11.4 (*)
                          ├── tao v0.35.3
                          │   └── tauri-runtime-wry v2.11.4 (*)
                          └── wry v0.55.1
                              └── tauri-runtime-wry v2.11.4 (*)

warning[duplicate]: found 3 duplicate entries for crate 'toml_edit'
    ┌─ /home/senol/Git/Muxsmith/Cargo.lock:381:1
    │  
381 │ ╭ toml_edit 0.19.15 registry+https://github.com/rust-lang/crates.io-index
382 │ │ toml_edit 0.20.2 registry+https://github.com/rust-lang/crates.io-index
383 │ │ toml_edit 0.25.12+spec-1.1.0 registry+https://github.com/rust-lang/crates.io-index
    │ ╰──────────────────────────────────────────────────────────────────────────────────┘ lock entries
    │  
    ├ toml_edit v0.19.15
      └── proc-macro-crate v1.3.1
          └── gtk3-macros v0.18.2
              └── gtk v0.18.2
                  ├── muda v0.19.3
                  │   └── tauri v2.11.5
                  │       ├── muxsmith-gui v0.1.0
                  │       ├── tauri-plugin-clipboard-manager v2.3.2
                  │       │   └── muxsmith-gui v0.1.0 (*)
                  │       ├── tauri-plugin-dialog v2.7.1
                  │       │   └── muxsmith-gui v0.1.0 (*)
                  │       ├── tauri-plugin-fs v2.5.1
                  │       │   ├── muxsmith-gui v0.1.0 (*)
                  │       │   └── tauri-plugin-dialog v2.7.1 (*)
                  │       └── tauri-plugin-os v2.3.2
                  │           └── muxsmith-gui v0.1.0 (*)
                  ├── tao v0.35.3
                  │   └── tauri-runtime-wry v2.11.4
                  │       └── tauri v2.11.5 (*)
                  ├── tauri v2.11.5 (*)
                  ├── tauri-runtime v2.11.3
                  │   ├── tauri v2.11.5 (*)
                  │   └── tauri-runtime-wry v2.11.4 (*)
                  ├── tauri-runtime-wry v2.11.4 (*)
                  ├── webkit2gtk v2.0.2
                  │   ├── tauri v2.11.5 (*)
                  │   ├── tauri-runtime v2.11.3 (*)
                  │   ├── tauri-runtime-wry v2.11.4 (*)
                  │   └── wry v0.55.1
                  │       └── tauri-runtime-wry v2.11.4 (*)
                  └── wry v0.55.1 (*)
    ├ toml_edit v0.20.2
      ├── proc-macro-crate v2.0.2
      │   └── glib-macros v0.18.5
      │       └── glib v0.18.5
      │           ├── atk v0.18.2
      │           │   └── gtk v0.18.2
      │           │       ├── muda v0.19.3
      │           │       │   └── tauri v2.11.5
      │           │       │       ├── muxsmith-gui v0.1.0
      │           │       │       ├── tauri-plugin-clipboard-manager v2.3.2
      │           │       │       │   └── muxsmith-gui v0.1.0 (*)
      │           │       │       ├── tauri-plugin-dialog v2.7.1
      │           │       │       │   └── muxsmith-gui v0.1.0 (*)
      │           │       │       ├── tauri-plugin-fs v2.5.1
      │           │       │       │   ├── muxsmith-gui v0.1.0 (*)
      │           │       │       │   └── tauri-plugin-dialog v2.7.1 (*)
      │           │       │       └── tauri-plugin-os v2.3.2
      │           │       │           └── muxsmith-gui v0.1.0 (*)
      │           │       ├── tao v0.35.3
      │           │       │   └── tauri-runtime-wry v2.11.4
      │           │       │       └── tauri v2.11.5 (*)
      │           │       ├── tauri v2.11.5 (*)
      │           │       ├── tauri-runtime v2.11.3
      │           │       │   ├── tauri v2.11.5 (*)
      │           │       │   └── tauri-runtime-wry v2.11.4 (*)
      │           │       ├── tauri-runtime-wry v2.11.4 (*)
      │           │       ├── webkit2gtk v2.0.2
      │           │       │   ├── tauri v2.11.5 (*)
      │           │       │   ├── tauri-runtime v2.11.3 (*)
      │           │       │   ├── tauri-runtime-wry v2.11.4 (*)
      │           │       │   └── wry v0.55.1
      │           │       │       └── tauri-runtime-wry v2.11.4 (*)
      │           │       └── wry v0.55.1 (*)
      │           ├── cairo-rs v0.18.5
      │           │   ├── gdk v0.18.2
      │           │   │   ├── gdkx11 v0.18.2
      │           │   │   │   └── wry v0.55.1 (*)
      │           │   │   ├── gtk v0.18.2 (*)
      │           │   │   └── webkit2gtk v2.0.2 (*)
      │           │   ├── gtk v0.18.2 (*)
      │           │   └── webkit2gtk v2.0.2 (*)
      │           ├── gdk v0.18.2 (*)
      │           ├── gdk-pixbuf v0.18.5
      │           │   ├── gdk v0.18.2 (*)
      │           │   └── gtk v0.18.2 (*)
      │           ├── gdkx11 v0.18.2 (*)
      │           ├── gio v0.18.4
      │           │   ├── gdk v0.18.2 (*)
      │           │   ├── gdk-pixbuf v0.18.5 (*)
      │           │   ├── gdkx11 v0.18.2 (*)
      │           │   ├── gtk v0.18.2 (*)
      │           │   ├── pango v0.18.3
      │           │   │   ├── gdk v0.18.2 (*)
      │           │   │   └── gtk v0.18.2 (*)
      │           │   ├── soup3 v0.5.0
      │           │   │   ├── webkit2gtk v2.0.2 (*)
      │           │   │   └── wry v0.55.1 (*)
      │           │   └── webkit2gtk v2.0.2 (*)
      │           ├── gtk v0.18.2 (*)
      │           ├── javascriptcore-rs v1.1.2
      │           │   ├── webkit2gtk v2.0.2 (*)
      │           │   └── wry v0.55.1 (*)
      │           ├── pango v0.18.3 (*)
      │           ├── soup3 v0.5.0 (*)
      │           └── webkit2gtk v2.0.2 (*)
      └── toml v0.8.2
          └── system-deps v6.2.2
              ├── (build) atk-sys v0.18.2
              │   ├── atk v0.18.2 (*)
              │   └── gtk-sys v0.18.2
              │       ├── gtk v0.18.2 (*)
              │       ├── rfd v0.16.0
              │       │   └── tauri-plugin-dialog v2.7.1 (*)
              │       ├── webkit2gtk v2.0.2 (*)
              │       └── webkit2gtk-sys v2.0.2
              │           ├── webkit2gtk v2.0.2 (*)
              │           └── wry v0.55.1 (*)
              ├── (build) cairo-sys-rs v0.18.2
              │   ├── cairo-rs v0.18.5 (*)
              │   ├── gdk-sys v0.18.2
              │   │   ├── gdk v0.18.2 (*)
              │   │   ├── gdkwayland-sys v0.18.2
              │   │   │   └── tao v0.35.3 (*)
              │   │   ├── gdkx11-sys v0.18.2
              │   │   │   ├── gdkx11 v0.18.2 (*)
              │   │   │   └── tao v0.35.3 (*)
              │   │   ├── gtk-sys v0.18.2 (*)
              │   │   ├── webkit2gtk v2.0.2 (*)
              │   │   └── webkit2gtk-sys v2.0.2 (*)
              │   ├── gtk-sys v0.18.2 (*)
              │   └── webkit2gtk-sys v2.0.2 (*)
              ├── (build) gdk-pixbuf-sys v0.18.0
              │   ├── gdk-pixbuf v0.18.5 (*)
              │   ├── gdk-sys v0.18.2 (*)
              │   └── gtk-sys v0.18.2 (*)
              ├── (build) gdk-sys v0.18.2 (*)
              ├── (build) gdkwayland-sys v0.18.2 (*)
              ├── (build) gdkx11-sys v0.18.2 (*)
              ├── (build) gio-sys v0.18.1
              │   ├── gdk-pixbuf-sys v0.18.0 (*)
              │   ├── gdk-sys v0.18.2 (*)
              │   ├── gio v0.18.4 (*)
              │   ├── glib v0.18.5 (*)
              │   ├── gtk-sys v0.18.2 (*)
              │   ├── soup3-sys v0.5.0
              │   │   ├── soup3 v0.5.0 (*)
              │   │   └── webkit2gtk-sys v2.0.2 (*)
              │   ├── webkit2gtk v2.0.2 (*)
              │   └── webkit2gtk-sys v2.0.2 (*)
              ├── (build) glib-sys v0.18.1
              │   ├── atk-sys v0.18.2 (*)
              │   ├── cairo-sys-rs v0.18.2 (*)
              │   ├── gdk-pixbuf-sys v0.18.0 (*)
              │   ├── gdk-sys v0.18.2 (*)
              │   ├── gdkwayland-sys v0.18.2 (*)
              │   ├── gdkx11-sys v0.18.2 (*)
              │   ├── gio-sys v0.18.1 (*)
              │   ├── glib v0.18.5 (*)
              │   ├── gobject-sys v0.18.0
              │   │   ├── atk-sys v0.18.2 (*)
              │   │   ├── gdk-pixbuf-sys v0.18.0 (*)
              │   │   ├── gdk-sys v0.18.2 (*)
              │   │   ├── gdkwayland-sys v0.18.2 (*)
              │   │   ├── gio-sys v0.18.1 (*)
              │   │   ├── glib v0.18.5 (*)
              │   │   ├── gtk-sys v0.18.2 (*)
              │   │   ├── javascriptcore-rs-sys v1.1.1
              │   │   │   ├── javascriptcore-rs v1.1.2 (*)
              │   │   │   └── webkit2gtk-sys v2.0.2 (*)
              │   │   ├── pango-sys v0.18.0
              │   │   │   ├── gdk-sys v0.18.2 (*)
              │   │   │   ├── gtk-sys v0.18.2 (*)
              │   │   │   └── pango v0.18.3 (*)
              │   │   ├── rfd v0.16.0 (*)
              │   │   ├── soup3-sys v0.5.0 (*)
              │   │   ├── webkit2gtk v2.0.2 (*)
              │   │   └── webkit2gtk-sys v2.0.2 (*)
              │   ├── gtk-sys v0.18.2 (*)
              │   ├── javascriptcore-rs-sys v1.1.1 (*)
              │   ├── pango-sys v0.18.0 (*)
              │   ├── rfd v0.16.0 (*)
              │   ├── soup3-sys v0.5.0 (*)
              │   ├── webkit2gtk v2.0.2 (*)
              │   └── webkit2gtk-sys v2.0.2 (*)
              ├── (build) gobject-sys v0.18.0 (*)
              ├── (build) gtk-sys v0.18.2 (*)
              ├── (build) javascriptcore-rs-sys v1.1.1 (*)
              ├── (build) pango-sys v0.18.0 (*)
              ├── (build) soup3-sys v0.5.0 (*)
              └── (build) webkit2gtk-sys v2.0.2 (*)
    ├ toml_edit v0.25.12+spec-1.1.0
      └── proc-macro-crate v3.5.0
          └── num_enum_derive v0.7.6
              └── num_enum v0.7.6
                  └── ndk v0.9.0
                      ├── softbuffer v0.4.8
                      │   └── tauri-runtime-wry v2.11.4
                      │       └── tauri v2.11.5
                      │           ├── muxsmith-gui v0.1.0
                      │           ├── tauri-plugin-clipboard-manager v2.3.2
                      │           │   └── muxsmith-gui v0.1.0 (*)
                      │           ├── tauri-plugin-dialog v2.7.1
                      │           │   └── muxsmith-gui v0.1.0 (*)
                      │           ├── tauri-plugin-fs v2.5.1
                      │           │   ├── muxsmith-gui v0.1.0 (*)
                      │           │   └── tauri-plugin-dialog v2.7.1 (*)
                      │           └── tauri-plugin-os v2.3.2
                      │               └── muxsmith-gui v0.1.0 (*)
                      ├── tao v0.35.3
                      │   └── tauri-runtime-wry v2.11.4 (*)
                      └── wry v0.55.1
                          └── tauri-runtime-wry v2.11.4 (*)

warning[duplicate]: found 2 duplicate entries for crate 'windows-link'
    ┌─ /home/senol/Git/Muxsmith/Cargo.lock:453:1
    │  
453 │ ╭ windows-link 0.1.3 registry+https://github.com/rust-lang/crates.io-index
454 │ │ windows-link 0.2.1 registry+https://github.com/rust-lang/crates.io-index
    │ ╰────────────────────────────────────────────────────────────────────────┘ lock entries
    │  
    ├ windows-link v0.1.3
      ├── windows v0.61.3
      │   ├── tao v0.35.3
      │   │   └── tauri-runtime-wry v2.11.4
      │   │       └── tauri v2.11.5
      │   │           ├── muxsmith-gui v0.1.0
      │   │           ├── tauri-plugin-clipboard-manager v2.3.2
      │   │           │   └── muxsmith-gui v0.1.0 (*)
      │   │           ├── tauri-plugin-dialog v2.7.1
      │   │           │   └── muxsmith-gui v0.1.0 (*)
      │   │           ├── tauri-plugin-fs v2.5.1
      │   │           │   ├── muxsmith-gui v0.1.0 (*)
      │   │           │   └── tauri-plugin-dialog v2.7.1 (*)
      │   │           └── tauri-plugin-os v2.3.2
      │   │               └── muxsmith-gui v0.1.0 (*)
      │   ├── tauri v2.11.5 (*)
      │   ├── tauri-runtime v2.11.3
      │   │   ├── tauri v2.11.5 (*)
      │   │   └── tauri-runtime-wry v2.11.4 (*)
      │   ├── tauri-runtime-wry v2.11.4 (*)
      │   ├── webview2-com v0.38.2
      │   │   ├── tauri v2.11.5 (*)
      │   │   ├── tauri-runtime v2.11.3 (*)
      │   │   ├── tauri-runtime-wry v2.11.4 (*)
      │   │   └── wry v0.55.1
      │   │       └── tauri-runtime-wry v2.11.4 (*)
      │   ├── webview2-com-sys v0.38.2
      │   │   └── webview2-com v0.38.2 (*)
      │   └── wry v0.55.1 (*)
      ├── windows-core v0.61.2
      │   ├── tao v0.35.3 (*)
      │   ├── webview2-com v0.38.2 (*)
      │   ├── webview2-com-sys v0.38.2 (*)
      │   ├── windows v0.61.3 (*)
      │   ├── windows-collections v0.2.0
      │   │   └── windows v0.61.3 (*)
      │   ├── windows-future v0.2.1
      │   │   └── windows v0.61.3 (*)
      │   ├── windows-numerics v0.2.0
      │   │   └── windows v0.61.3 (*)
      │   └── wry v0.55.1 (*)
      ├── windows-future v0.2.1 (*)
      ├── windows-numerics v0.2.0 (*)
      ├── windows-result v0.3.4
      │   └── windows-core v0.61.2 (*)
      ├── windows-strings v0.4.2
      │   └── windows-core v0.61.2 (*)
      └── windows-threading v0.1.0
          └── windows-future v0.2.1 (*)
    ├ windows-link v0.2.1
      ├── gethostname v1.1.0
      │   ├── tauri-plugin-os v2.3.2
      │   │   └── muxsmith-gui v0.1.0
      │   └── x11rb v0.13.2
      │       └── arboard v3.6.1
      │           └── tauri-plugin-clipboard-manager v2.3.2
      │               └── muxsmith-gui v0.1.0 (*)
      ├── parking_lot_core v0.9.12
      │   └── parking_lot v0.12.5
      │       ├── arboard v3.6.1 (*)
      │       ├── string_cache v0.9.0
      │       │   └── web_atoms v0.2.5
      │       │       └── markup5ever v0.38.0
      │       │           └── html5ever v0.38.0
      │       │               └── dom_query v0.27.0
      │       │                   ├── tauri-utils v2.9.3
      │       │                   │   ├── tauri v2.11.5
      │       │                   │   │   ├── muxsmith-gui v0.1.0 (*)
      │       │                   │   │   ├── tauri-plugin-clipboard-manager v2.3.2 (*)
      │       │                   │   │   ├── tauri-plugin-dialog v2.7.1
      │       │                   │   │   │   └── muxsmith-gui v0.1.0 (*)
      │       │                   │   │   ├── tauri-plugin-fs v2.5.1
      │       │                   │   │   │   ├── muxsmith-gui v0.1.0 (*)
      │       │                   │   │   │   └── tauri-plugin-dialog v2.7.1 (*)
      │       │                   │   │   └── tauri-plugin-os v2.3.2 (*)
      │       │                   │   ├── tauri-build v2.6.3
      │       │                   │   │   ├── (build) muxsmith-gui v0.1.0 (*)
      │       │                   │   │   └── (build) tauri v2.11.5 (*)
      │       │                   │   ├── tauri-codegen v2.6.3
      │       │                   │   │   └── tauri-macros v2.6.3
      │       │                   │   │       └── tauri v2.11.5 (*)
      │       │                   │   ├── tauri-macros v2.6.3 (*)
      │       │                   │   ├── tauri-plugin v2.6.3
      │       │                   │   │   ├── (build) tauri-plugin-clipboard-manager v2.3.2 (*)
      │       │                   │   │   ├── (build) tauri-plugin-dialog v2.7.1 (*)
      │       │                   │   │   ├── (build) tauri-plugin-fs v2.5.1 (*)
      │       │                   │   │   └── (build) tauri-plugin-os v2.3.2 (*)
      │       │                   │   ├── (build) tauri-plugin-fs v2.5.1 (*)
      │       │                   │   ├── tauri-runtime v2.11.3
      │       │                   │   │   ├── tauri v2.11.5 (*)
      │       │                   │   │   └── tauri-runtime-wry v2.11.4
      │       │                   │   │       └── tauri v2.11.5 (*)
      │       │                   │   └── tauri-runtime-wry v2.11.4 (*)
      │       │                   └── wry v0.55.1
      │       │                       └── tauri-runtime-wry v2.11.4 (*)
      │       └── tao v0.35.3
      │           └── tauri-runtime-wry v2.11.4 (*)
      ├── windows-sys v0.61.2
      │   ├── anstyle-query v1.1.5
      │   │   └── anstream v1.0.0
      │   │       └── clap_builder v4.6.0
      │   │           └── clap v4.6.1
      │   │               └── muxsmith-cli v0.1.0
      │   ├── anstyle-wincon v3.0.11
      │   │   └── anstream v1.0.0 (*)
      │   ├── console v0.16.4
      │   │   └── insta v1.48.0
      │   │       └── (dev) muxsmith-cli v0.1.0 (*)
      │   ├── ctrlc v3.5.2
      │   │   └── muxsmith-cli v0.1.0 (*)
      │   ├── dbus v0.9.12
      │   │   └── tao v0.35.3 (*)
      │   ├── dirs-sys v0.5.0
      │   │   └── dirs v6.0.0
      │   │       ├── muxsmith-core v0.1.0
      │   │       │   ├── muxsmith-cli v0.1.0 (*)
      │   │       │   └── muxsmith-gui v0.1.0 (*)
      │   │       ├── muxsmith-gui v0.1.0 (*)
      │   │       ├── tauri v2.11.5 (*)
      │   │       ├── tauri-build v2.6.3 (*)
      │   │       └── wry v0.55.1 (*)
      │   ├── errno v0.3.14
      │   │   └── rustix v1.1.4
      │   │       ├── gethostname v1.1.0 (*)
      │   │       ├── tempfile v3.27.0
      │   │       │   ├── insta v1.48.0 (*)
      │   │       │   ├── (dev) muxsmith-cli v0.1.0 (*)
      │   │       │   ├── (dev) muxsmith-core v0.1.0 (*)
      │   │       │   ├── (dev) muxsmith-gui v0.1.0 (*)
      │   │       │   ├── proptest v1.11.0
      │   │       │   │   └── (dev) muxsmith-core v0.1.0 (*)
      │   │       │   └── rusty-fork v0.3.1
      │   │       │       └── proptest v1.11.0 (*)
      │   │       ├── wayland-backend v0.3.15
      │   │       │   ├── wayland-client v0.31.14
      │   │       │   │   ├── wayland-protocols v0.32.13
      │   │       │   │   │   ├── wayland-protocols-wlr v0.3.12
      │   │       │   │   │   │   └── wl-clipboard-rs v0.9.3
      │   │       │   │   │   │       └── arboard v3.6.1 (*)
      │   │       │   │   │   └── wl-clipboard-rs v0.9.3 (*)
      │   │       │   │   ├── wayland-protocols-wlr v0.3.12 (*)
      │   │       │   │   └── wl-clipboard-rs v0.9.3 (*)
      │   │       │   ├── wayland-protocols v0.32.13 (*)
      │   │       │   ├── wayland-protocols-wlr v0.3.12 (*)
      │   │       │   └── wl-clipboard-rs v0.9.3 (*)
      │   │       ├── wayland-client v0.31.14 (*)
      │   │       ├── wl-clipboard-rs v0.9.3 (*)
      │   │       └── x11rb v0.13.2 (*)
      │   ├── mio v1.2.1
      │   │   └── tokio v1.52.3
      │   │       ├── hyper v1.10.1
      │   │       │   ├── hyper-util v0.1.20
      │   │       │   │   └── reqwest v0.13.4
      │   │       │   │       └── tauri v2.11.5 (*)
      │   │       │   └── reqwest v0.13.4 (*)
      │   │       ├── hyper-util v0.1.20 (*)
      │   │       ├── reqwest v0.13.4 (*)
      │   │       ├── tauri v2.11.5 (*)
      │   │       ├── tokio-util v0.7.18
      │   │       │   └── reqwest v0.13.4 (*)
      │   │       └── tower v0.5.3
      │   │           ├── reqwest v0.13.4 (*)
      │   │           └── tower-http v0.6.11
      │   │               └── reqwest v0.13.4 (*)
      │   ├── muda v0.19.3
      │   │   └── tauri v2.11.5 (*)
      │   ├── os_info v3.15.0
      │   │   └── tauri-plugin-os v2.3.2 (*)
      │   ├── os_pipe v1.2.3
      │   │   └── wl-clipboard-rs v0.9.3 (*)
      │   ├── rustix v1.1.4 (*)
      │   ├── socket2 v0.6.4
      │   │   ├── hyper-util v0.1.20 (*)
      │   │   └── tokio v1.52.3 (*)
      │   ├── softbuffer v0.4.8
      │   │   └── tauri-runtime-wry v2.11.4 (*)
      │   ├── tempfile v3.27.0 (*)
      │   ├── tokio v1.52.3 (*)
      │   └── winapi-util v0.1.11
      │       ├── same-file v1.0.6
      │       │   └── walkdir v2.5.0
      │       │       ├── (build) jni v0.21.1
      │       │       │   ├── tao v0.35.3 (*)
      │       │       │   ├── tauri v2.11.5 (*)
      │       │       │   ├── tauri-runtime v2.11.3 (*)
      │       │       │   ├── tauri-runtime-wry v2.11.4 (*)
      │       │       │   └── wry v0.55.1 (*)
      │       │       ├── tauri-build v2.6.3 (*)
      │       │       ├── tauri-codegen v2.6.3 (*)
      │       │       ├── tauri-plugin v2.6.3 (*)
      │       │       └── tauri-utils v2.9.3 (*)
      │       └── walkdir v2.5.0 (*)
      ├── windows-targets v0.53.5
      │   └── windows-sys v0.60.2
      │       ├── arboard v3.6.1 (*)
      │       └── rfd v0.16.0
      │           └── tauri-plugin-dialog v2.7.1 (*)
      └── windows-version v0.1.7
          ├── tao v0.35.3 (*)
          ├── window-vibrancy v0.6.0
          │   └── tauri v2.11.5 (*)
          └── wry v0.55.1 (*)

warning[duplicate]: found 4 duplicate entries for crate 'windows-sys'
    ┌─ /home/senol/Git/Muxsmith/Cargo.lock:458:1
    │  
458 │ ╭ windows-sys 0.45.0 registry+https://github.com/rust-lang/crates.io-index
459 │ │ windows-sys 0.59.0 registry+https://github.com/rust-lang/crates.io-index
460 │ │ windows-sys 0.60.2 registry+https://github.com/rust-lang/crates.io-index
461 │ │ windows-sys 0.61.2 registry+https://github.com/rust-lang/crates.io-index
    │ ╰────────────────────────────────────────────────────────────────────────┘ lock entries
    │  
    ├ windows-sys v0.45.0
      └── jni v0.21.1
          ├── tao v0.35.3
          │   └── tauri-runtime-wry v2.11.4
          │       └── tauri v2.11.5
          │           ├── muxsmith-gui v0.1.0
          │           ├── tauri-plugin-clipboard-manager v2.3.2
          │           │   └── muxsmith-gui v0.1.0 (*)
          │           ├── tauri-plugin-dialog v2.7.1
          │           │   └── muxsmith-gui v0.1.0 (*)
          │           ├── tauri-plugin-fs v2.5.1
          │           │   ├── muxsmith-gui v0.1.0 (*)
          │           │   └── tauri-plugin-dialog v2.7.1 (*)
          │           └── tauri-plugin-os v2.3.2
          │               └── muxsmith-gui v0.1.0 (*)
          ├── tauri v2.11.5 (*)
          ├── tauri-runtime v2.11.3
          │   ├── tauri v2.11.5 (*)
          │   └── tauri-runtime-wry v2.11.4 (*)
          ├── tauri-runtime-wry v2.11.4 (*)
          └── wry v0.55.1
              └── tauri-runtime-wry v2.11.4 (*)
    ├ windows-sys v0.59.0
      ├── window-vibrancy v0.6.0
      │   └── tauri v2.11.5
      │       ├── muxsmith-gui v0.1.0
      │       ├── tauri-plugin-clipboard-manager v2.3.2
      │       │   └── muxsmith-gui v0.1.0 (*)
      │       ├── tauri-plugin-dialog v2.7.1
      │       │   └── muxsmith-gui v0.1.0 (*)
      │       ├── tauri-plugin-fs v2.5.1
      │       │   ├── muxsmith-gui v0.1.0 (*)
      │       │   └── tauri-plugin-dialog v2.7.1 (*)
      │       └── tauri-plugin-os v2.3.2
      │           └── muxsmith-gui v0.1.0 (*)
      └── winreg v0.55.0
          └── embed-resource v3.0.11
              └── tauri-winres v0.3.6
                  └── tauri-build v2.6.3
                      ├── (build) muxsmith-gui v0.1.0 (*)
                      └── (build) tauri v2.11.5 (*)
    ├ windows-sys v0.60.2
      ├── arboard v3.6.1
      │   └── tauri-plugin-clipboard-manager v2.3.2
      │       └── muxsmith-gui v0.1.0
      └── rfd v0.16.0
          └── tauri-plugin-dialog v2.7.1
              └── muxsmith-gui v0.1.0 (*)
    ├ windows-sys v0.61.2
      ├── anstyle-query v1.1.5
      │   └── anstream v1.0.0
      │       └── clap_builder v4.6.0
      │           └── clap v4.6.1
      │               └── muxsmith-cli v0.1.0
      ├── anstyle-wincon v3.0.11
      │   └── anstream v1.0.0 (*)
      ├── console v0.16.4
      │   └── insta v1.48.0
      │       └── (dev) muxsmith-cli v0.1.0 (*)
      ├── ctrlc v3.5.2
      │   └── muxsmith-cli v0.1.0 (*)
      ├── dbus v0.9.12
      │   └── tao v0.35.3
      │       └── tauri-runtime-wry v2.11.4
      │           └── tauri v2.11.5
      │               ├── muxsmith-gui v0.1.0
      │               ├── tauri-plugin-clipboard-manager v2.3.2
      │               │   └── muxsmith-gui v0.1.0 (*)
      │               ├── tauri-plugin-dialog v2.7.1
      │               │   └── muxsmith-gui v0.1.0 (*)
      │               ├── tauri-plugin-fs v2.5.1
      │               │   ├── muxsmith-gui v0.1.0 (*)
      │               │   └── tauri-plugin-dialog v2.7.1 (*)
      │               └── tauri-plugin-os v2.3.2
      │                   └── muxsmith-gui v0.1.0 (*)
      ├── dirs-sys v0.5.0
      │   └── dirs v6.0.0
      │       ├── muxsmith-core v0.1.0
      │       │   ├── muxsmith-cli v0.1.0 (*)
      │       │   └── muxsmith-gui v0.1.0 (*)
      │       ├── muxsmith-gui v0.1.0 (*)
      │       ├── tauri v2.11.5 (*)
      │       ├── tauri-build v2.6.3
      │       │   ├── (build) muxsmith-gui v0.1.0 (*)
      │       │   └── (build) tauri v2.11.5 (*)
      │       └── wry v0.55.1
      │           └── tauri-runtime-wry v2.11.4 (*)
      ├── errno v0.3.14
      │   └── rustix v1.1.4
      │       ├── gethostname v1.1.0
      │       │   ├── tauri-plugin-os v2.3.2 (*)
      │       │   └── x11rb v0.13.2
      │       │       └── arboard v3.6.1
      │       │           └── tauri-plugin-clipboard-manager v2.3.2 (*)
      │       ├── tempfile v3.27.0
      │       │   ├── insta v1.48.0 (*)
      │       │   ├── (dev) muxsmith-cli v0.1.0 (*)
      │       │   ├── (dev) muxsmith-core v0.1.0 (*)
      │       │   ├── (dev) muxsmith-gui v0.1.0 (*)
      │       │   ├── proptest v1.11.0
      │       │   │   └── (dev) muxsmith-core v0.1.0 (*)
      │       │   └── rusty-fork v0.3.1
      │       │       └── proptest v1.11.0 (*)
      │       ├── wayland-backend v0.3.15
      │       │   ├── wayland-client v0.31.14
      │       │   │   ├── wayland-protocols v0.32.13
      │       │   │   │   ├── wayland-protocols-wlr v0.3.12
      │       │   │   │   │   └── wl-clipboard-rs v0.9.3
      │       │   │   │   │       └── arboard v3.6.1 (*)
      │       │   │   │   └── wl-clipboard-rs v0.9.3 (*)
      │       │   │   ├── wayland-protocols-wlr v0.3.12 (*)
      │       │   │   └── wl-clipboard-rs v0.9.3 (*)
      │       │   ├── wayland-protocols v0.32.13 (*)
      │       │   ├── wayland-protocols-wlr v0.3.12 (*)
      │       │   └── wl-clipboard-rs v0.9.3 (*)
      │       ├── wayland-client v0.31.14 (*)
      │       ├── wl-clipboard-rs v0.9.3 (*)
      │       └── x11rb v0.13.2 (*)
      ├── mio v1.2.1
      │   └── tokio v1.52.3
      │       ├── hyper v1.10.1
      │       │   ├── hyper-util v0.1.20
      │       │   │   └── reqwest v0.13.4
      │       │   │       └── tauri v2.11.5 (*)
      │       │   └── reqwest v0.13.4 (*)
      │       ├── hyper-util v0.1.20 (*)
      │       ├── reqwest v0.13.4 (*)
      │       ├── tauri v2.11.5 (*)
      │       ├── tokio-util v0.7.18
      │       │   └── reqwest v0.13.4 (*)
      │       └── tower v0.5.3
      │           ├── reqwest v0.13.4 (*)
      │           └── tower-http v0.6.11
      │               └── reqwest v0.13.4 (*)
      ├── muda v0.19.3
      │   └── tauri v2.11.5 (*)
      ├── os_info v3.15.0
      │   └── tauri-plugin-os v2.3.2 (*)
      ├── os_pipe v1.2.3
      │   └── wl-clipboard-rs v0.9.3 (*)
      ├── rustix v1.1.4 (*)
      ├── socket2 v0.6.4
      │   ├── hyper-util v0.1.20 (*)
      │   └── tokio v1.52.3 (*)
      ├── softbuffer v0.4.8
      │   └── tauri-runtime-wry v2.11.4 (*)
      ├── tempfile v3.27.0 (*)
      ├── tokio v1.52.3 (*)
      └── winapi-util v0.1.11
          ├── same-file v1.0.6
          │   └── walkdir v2.5.0
          │       ├── (build) jni v0.21.1
          │       │   ├── tao v0.35.3 (*)
          │       │   ├── tauri v2.11.5 (*)
          │       │   ├── tauri-runtime v2.11.3
          │       │   │   ├── tauri v2.11.5 (*)
          │       │   │   └── tauri-runtime-wry v2.11.4 (*)
          │       │   ├── tauri-runtime-wry v2.11.4 (*)
          │       │   └── wry v0.55.1 (*)
          │       ├── tauri-build v2.6.3 (*)
          │       ├── tauri-codegen v2.6.3
          │       │   └── tauri-macros v2.6.3
          │       │       └── tauri v2.11.5 (*)
          │       ├── tauri-plugin v2.6.3
          │       │   ├── (build) tauri-plugin-clipboard-manager v2.3.2 (*)
          │       │   ├── (build) tauri-plugin-dialog v2.7.1 (*)
          │       │   ├── (build) tauri-plugin-fs v2.5.1 (*)
          │       │   └── (build) tauri-plugin-os v2.3.2 (*)
          │       └── tauri-utils v2.9.3
          │           ├── tauri v2.11.5 (*)
          │           ├── tauri-build v2.6.3 (*)
          │           ├── tauri-codegen v2.6.3 (*)
          │           ├── tauri-macros v2.6.3 (*)
          │           ├── tauri-plugin v2.6.3 (*)
          │           ├── (build) tauri-plugin-fs v2.5.1 (*)
          │           ├── tauri-runtime v2.11.3 (*)
          │           └── tauri-runtime-wry v2.11.4 (*)
          └── walkdir v2.5.0 (*)

warning[duplicate]: found 3 duplicate entries for crate 'windows-targets'
    ┌─ /home/senol/Git/Muxsmith/Cargo.lock:462:1
    │  
462 │ ╭ windows-targets 0.42.2 registry+https://github.com/rust-lang/crates.io-index
463 │ │ windows-targets 0.52.6 registry+https://github.com/rust-lang/crates.io-index
464 │ │ windows-targets 0.53.5 registry+https://github.com/rust-lang/crates.io-index
    │ ╰────────────────────────────────────────────────────────────────────────────┘ lock entries
    │  
    ├ windows-targets v0.42.2
      └── windows-sys v0.45.0
          └── jni v0.21.1
              ├── tao v0.35.3
              │   └── tauri-runtime-wry v2.11.4
              │       └── tauri v2.11.5
              │           ├── muxsmith-gui v0.1.0
              │           ├── tauri-plugin-clipboard-manager v2.3.2
              │           │   └── muxsmith-gui v0.1.0 (*)
              │           ├── tauri-plugin-dialog v2.7.1
              │           │   └── muxsmith-gui v0.1.0 (*)
              │           ├── tauri-plugin-fs v2.5.1
              │           │   ├── muxsmith-gui v0.1.0 (*)
              │           │   └── tauri-plugin-dialog v2.7.1 (*)
              │           └── tauri-plugin-os v2.3.2
              │               └── muxsmith-gui v0.1.0 (*)
              ├── tauri v2.11.5 (*)
              ├── tauri-runtime v2.11.3
              │   ├── tauri v2.11.5 (*)
              │   └── tauri-runtime-wry v2.11.4 (*)
              ├── tauri-runtime-wry v2.11.4 (*)
              └── wry v0.55.1
                  └── tauri-runtime-wry v2.11.4 (*)
    ├ windows-targets v0.52.6
      └── windows-sys v0.59.0
          ├── window-vibrancy v0.6.0
          │   └── tauri v2.11.5
          │       ├── muxsmith-gui v0.1.0
          │       ├── tauri-plugin-clipboard-manager v2.3.2
          │       │   └── muxsmith-gui v0.1.0 (*)
          │       ├── tauri-plugin-dialog v2.7.1
          │       │   └── muxsmith-gui v0.1.0 (*)
          │       ├── tauri-plugin-fs v2.5.1
          │       │   ├── muxsmith-gui v0.1.0 (*)
          │       │   └── tauri-plugin-dialog v2.7.1 (*)
          │       └── tauri-plugin-os v2.3.2
          │           └── muxsmith-gui v0.1.0 (*)
          └── winreg v0.55.0
              └── embed-resource v3.0.11
                  └── tauri-winres v0.3.6
                      └── tauri-build v2.6.3
                          ├── (build) muxsmith-gui v0.1.0 (*)
                          └── (build) tauri v2.11.5 (*)
    ├ windows-targets v0.53.5
      └── windows-sys v0.60.2
          ├── arboard v3.6.1
          │   └── tauri-plugin-clipboard-manager v2.3.2
          │       └── muxsmith-gui v0.1.0
          └── rfd v0.16.0
              └── tauri-plugin-dialog v2.7.1
                  └── muxsmith-gui v0.1.0 (*)

warning[duplicate]: found 3 duplicate entries for crate 'windows_aarch64_gnullvm'
    ┌─ /home/senol/Git/Muxsmith/Cargo.lock:467:1
    │  
467 │ ╭ windows_aarch64_gnullvm 0.42.2 registry+https://github.com/rust-lang/crates.io-index
468 │ │ windows_aarch64_gnullvm 0.52.6 registry+https://github.com/rust-lang/crates.io-index
469 │ │ windows_aarch64_gnullvm 0.53.1 registry+https://github.com/rust-lang/crates.io-index
    │ ╰────────────────────────────────────────────────────────────────────────────────────┘ lock entries
    │  
    ├ windows_aarch64_gnullvm v0.42.2
      └── windows-targets v0.42.2
          └── windows-sys v0.45.0
              └── jni v0.21.1
                  ├── tao v0.35.3
                  │   └── tauri-runtime-wry v2.11.4
                  │       └── tauri v2.11.5
                  │           ├── muxsmith-gui v0.1.0
                  │           ├── tauri-plugin-clipboard-manager v2.3.2
                  │           │   └── muxsmith-gui v0.1.0 (*)
                  │           ├── tauri-plugin-dialog v2.7.1
                  │           │   └── muxsmith-gui v0.1.0 (*)
                  │           ├── tauri-plugin-fs v2.5.1
                  │           │   ├── muxsmith-gui v0.1.0 (*)
                  │           │   └── tauri-plugin-dialog v2.7.1 (*)
                  │           └── tauri-plugin-os v2.3.2
                  │               └── muxsmith-gui v0.1.0 (*)
                  ├── tauri v2.11.5 (*)
                  ├── tauri-runtime v2.11.3
                  │   ├── tauri v2.11.5 (*)
                  │   └── tauri-runtime-wry v2.11.4 (*)
                  ├── tauri-runtime-wry v2.11.4 (*)
                  └── wry v0.55.1
                      └── tauri-runtime-wry v2.11.4 (*)
    ├ windows_aarch64_gnullvm v0.52.6
      └── windows-targets v0.52.6
          └── windows-sys v0.59.0
              ├── window-vibrancy v0.6.0
              │   └── tauri v2.11.5
              │       ├── muxsmith-gui v0.1.0
              │       ├── tauri-plugin-clipboard-manager v2.3.2
              │       │   └── muxsmith-gui v0.1.0 (*)
              │       ├── tauri-plugin-dialog v2.7.1
              │       │   └── muxsmith-gui v0.1.0 (*)
              │       ├── tauri-plugin-fs v2.5.1
              │       │   ├── muxsmith-gui v0.1.0 (*)
              │       │   └── tauri-plugin-dialog v2.7.1 (*)
              │       └── tauri-plugin-os v2.3.2
              │           └── muxsmith-gui v0.1.0 (*)
              └── winreg v0.55.0
                  └── embed-resource v3.0.11
                      └── tauri-winres v0.3.6
                          └── tauri-build v2.6.3
                              ├── (build) muxsmith-gui v0.1.0 (*)
                              └── (build) tauri v2.11.5 (*)
    ├ windows_aarch64_gnullvm v0.53.1
      └── windows-targets v0.53.5
          └── windows-sys v0.60.2
              ├── arboard v3.6.1
              │   └── tauri-plugin-clipboard-manager v2.3.2
              │       └── muxsmith-gui v0.1.0
              └── rfd v0.16.0
                  └── tauri-plugin-dialog v2.7.1
                      └── muxsmith-gui v0.1.0 (*)

warning[duplicate]: found 3 duplicate entries for crate 'windows_aarch64_msvc'
    ┌─ /home/senol/Git/Muxsmith/Cargo.lock:470:1
    │  
470 │ ╭ windows_aarch64_msvc 0.42.2 registry+https://github.com/rust-lang/crates.io-index
471 │ │ windows_aarch64_msvc 0.52.6 registry+https://github.com/rust-lang/crates.io-index
472 │ │ windows_aarch64_msvc 0.53.1 registry+https://github.com/rust-lang/crates.io-index
    │ ╰─────────────────────────────────────────────────────────────────────────────────┘ lock entries
    │  
    ├ windows_aarch64_msvc v0.42.2
      └── windows-targets v0.42.2
          └── windows-sys v0.45.0
              └── jni v0.21.1
                  ├── tao v0.35.3
                  │   └── tauri-runtime-wry v2.11.4
                  │       └── tauri v2.11.5
                  │           ├── muxsmith-gui v0.1.0
                  │           ├── tauri-plugin-clipboard-manager v2.3.2
                  │           │   └── muxsmith-gui v0.1.0 (*)
                  │           ├── tauri-plugin-dialog v2.7.1
                  │           │   └── muxsmith-gui v0.1.0 (*)
                  │           ├── tauri-plugin-fs v2.5.1
                  │           │   ├── muxsmith-gui v0.1.0 (*)
                  │           │   └── tauri-plugin-dialog v2.7.1 (*)
                  │           └── tauri-plugin-os v2.3.2
                  │               └── muxsmith-gui v0.1.0 (*)
                  ├── tauri v2.11.5 (*)
                  ├── tauri-runtime v2.11.3
                  │   ├── tauri v2.11.5 (*)
                  │   └── tauri-runtime-wry v2.11.4 (*)
                  ├── tauri-runtime-wry v2.11.4 (*)
                  └── wry v0.55.1
                      └── tauri-runtime-wry v2.11.4 (*)
    ├ windows_aarch64_msvc v0.52.6
      └── windows-targets v0.52.6
          └── windows-sys v0.59.0
              ├── window-vibrancy v0.6.0
              │   └── tauri v2.11.5
              │       ├── muxsmith-gui v0.1.0
              │       ├── tauri-plugin-clipboard-manager v2.3.2
              │       │   └── muxsmith-gui v0.1.0 (*)
              │       ├── tauri-plugin-dialog v2.7.1
              │       │   └── muxsmith-gui v0.1.0 (*)
              │       ├── tauri-plugin-fs v2.5.1
              │       │   ├── muxsmith-gui v0.1.0 (*)
              │       │   └── tauri-plugin-dialog v2.7.1 (*)
              │       └── tauri-plugin-os v2.3.2
              │           └── muxsmith-gui v0.1.0 (*)
              └── winreg v0.55.0
                  └── embed-resource v3.0.11
                      └── tauri-winres v0.3.6
                          └── tauri-build v2.6.3
                              ├── (build) muxsmith-gui v0.1.0 (*)
                              └── (build) tauri v2.11.5 (*)
    ├ windows_aarch64_msvc v0.53.1
      └── windows-targets v0.53.5
          └── windows-sys v0.60.2
              ├── arboard v3.6.1
              │   └── tauri-plugin-clipboard-manager v2.3.2
              │       └── muxsmith-gui v0.1.0
              └── rfd v0.16.0
                  └── tauri-plugin-dialog v2.7.1
                      └── muxsmith-gui v0.1.0 (*)

warning[duplicate]: found 3 duplicate entries for crate 'windows_i686_gnu'
    ┌─ /home/senol/Git/Muxsmith/Cargo.lock:473:1
    │  
473 │ ╭ windows_i686_gnu 0.42.2 registry+https://github.com/rust-lang/crates.io-index
474 │ │ windows_i686_gnu 0.52.6 registry+https://github.com/rust-lang/crates.io-index
475 │ │ windows_i686_gnu 0.53.1 registry+https://github.com/rust-lang/crates.io-index
    │ ╰─────────────────────────────────────────────────────────────────────────────┘ lock entries
    │  
    ├ windows_i686_gnu v0.42.2
      └── windows-targets v0.42.2
          └── windows-sys v0.45.0
              └── jni v0.21.1
                  ├── tao v0.35.3
                  │   └── tauri-runtime-wry v2.11.4
                  │       └── tauri v2.11.5
                  │           ├── muxsmith-gui v0.1.0
                  │           ├── tauri-plugin-clipboard-manager v2.3.2
                  │           │   └── muxsmith-gui v0.1.0 (*)
                  │           ├── tauri-plugin-dialog v2.7.1
                  │           │   └── muxsmith-gui v0.1.0 (*)
                  │           ├── tauri-plugin-fs v2.5.1
                  │           │   ├── muxsmith-gui v0.1.0 (*)
                  │           │   └── tauri-plugin-dialog v2.7.1 (*)
                  │           └── tauri-plugin-os v2.3.2
                  │               └── muxsmith-gui v0.1.0 (*)
                  ├── tauri v2.11.5 (*)
                  ├── tauri-runtime v2.11.3
                  │   ├── tauri v2.11.5 (*)
                  │   └── tauri-runtime-wry v2.11.4 (*)
                  ├── tauri-runtime-wry v2.11.4 (*)
                  └── wry v0.55.1
                      └── tauri-runtime-wry v2.11.4 (*)
    ├ windows_i686_gnu v0.52.6
      └── windows-targets v0.52.6
          └── windows-sys v0.59.0
              ├── window-vibrancy v0.6.0
              │   └── tauri v2.11.5
              │       ├── muxsmith-gui v0.1.0
              │       ├── tauri-plugin-clipboard-manager v2.3.2
              │       │   └── muxsmith-gui v0.1.0 (*)
              │       ├── tauri-plugin-dialog v2.7.1
              │       │   └── muxsmith-gui v0.1.0 (*)
              │       ├── tauri-plugin-fs v2.5.1
              │       │   ├── muxsmith-gui v0.1.0 (*)
              │       │   └── tauri-plugin-dialog v2.7.1 (*)
              │       └── tauri-plugin-os v2.3.2
              │           └── muxsmith-gui v0.1.0 (*)
              └── winreg v0.55.0
                  └── embed-resource v3.0.11
                      └── tauri-winres v0.3.6
                          └── tauri-build v2.6.3
                              ├── (build) muxsmith-gui v0.1.0 (*)
                              └── (build) tauri v2.11.5 (*)
    ├ windows_i686_gnu v0.53.1
      └── windows-targets v0.53.5
          └── windows-sys v0.60.2
              ├── arboard v3.6.1
              │   └── tauri-plugin-clipboard-manager v2.3.2
              │       └── muxsmith-gui v0.1.0
              └── rfd v0.16.0
                  └── tauri-plugin-dialog v2.7.1
                      └── muxsmith-gui v0.1.0 (*)

warning[duplicate]: found 2 duplicate entries for crate 'windows_i686_gnullvm'
    ┌─ /home/senol/Git/Muxsmith/Cargo.lock:476:1
    │  
476 │ ╭ windows_i686_gnullvm 0.52.6 registry+https://github.com/rust-lang/crates.io-index
477 │ │ windows_i686_gnullvm 0.53.1 registry+https://github.com/rust-lang/crates.io-index
    │ ╰─────────────────────────────────────────────────────────────────────────────────┘ lock entries
    │  
    ├ windows_i686_gnullvm v0.52.6
      └── windows-targets v0.52.6
          └── windows-sys v0.59.0
              ├── window-vibrancy v0.6.0
              │   └── tauri v2.11.5
              │       ├── muxsmith-gui v0.1.0
              │       ├── tauri-plugin-clipboard-manager v2.3.2
              │       │   └── muxsmith-gui v0.1.0 (*)
              │       ├── tauri-plugin-dialog v2.7.1
              │       │   └── muxsmith-gui v0.1.0 (*)
              │       ├── tauri-plugin-fs v2.5.1
              │       │   ├── muxsmith-gui v0.1.0 (*)
              │       │   └── tauri-plugin-dialog v2.7.1 (*)
              │       └── tauri-plugin-os v2.3.2
              │           └── muxsmith-gui v0.1.0 (*)
              └── winreg v0.55.0
                  └── embed-resource v3.0.11
                      └── tauri-winres v0.3.6
                          └── tauri-build v2.6.3
                              ├── (build) muxsmith-gui v0.1.0 (*)
                              └── (build) tauri v2.11.5 (*)
    ├ windows_i686_gnullvm v0.53.1
      └── windows-targets v0.53.5
          └── windows-sys v0.60.2
              ├── arboard v3.6.1
              │   └── tauri-plugin-clipboard-manager v2.3.2
              │       └── muxsmith-gui v0.1.0
              └── rfd v0.16.0
                  └── tauri-plugin-dialog v2.7.1
                      └── muxsmith-gui v0.1.0 (*)

warning[duplicate]: found 3 duplicate entries for crate 'windows_i686_msvc'
    ┌─ /home/senol/Git/Muxsmith/Cargo.lock:478:1
    │  
478 │ ╭ windows_i686_msvc 0.42.2 registry+https://github.com/rust-lang/crates.io-index
479 │ │ windows_i686_msvc 0.52.6 registry+https://github.com/rust-lang/crates.io-index
480 │ │ windows_i686_msvc 0.53.1 registry+https://github.com/rust-lang/crates.io-index
    │ ╰──────────────────────────────────────────────────────────────────────────────┘ lock entries
    │  
    ├ windows_i686_msvc v0.42.2
      └── windows-targets v0.42.2
          └── windows-sys v0.45.0
              └── jni v0.21.1
                  ├── tao v0.35.3
                  │   └── tauri-runtime-wry v2.11.4
                  │       └── tauri v2.11.5
                  │           ├── muxsmith-gui v0.1.0
                  │           ├── tauri-plugin-clipboard-manager v2.3.2
                  │           │   └── muxsmith-gui v0.1.0 (*)
                  │           ├── tauri-plugin-dialog v2.7.1
                  │           │   └── muxsmith-gui v0.1.0 (*)
                  │           ├── tauri-plugin-fs v2.5.1
                  │           │   ├── muxsmith-gui v0.1.0 (*)
                  │           │   └── tauri-plugin-dialog v2.7.1 (*)
                  │           └── tauri-plugin-os v2.3.2
                  │               └── muxsmith-gui v0.1.0 (*)
                  ├── tauri v2.11.5 (*)
                  ├── tauri-runtime v2.11.3
                  │   ├── tauri v2.11.5 (*)
                  │   └── tauri-runtime-wry v2.11.4 (*)
                  ├── tauri-runtime-wry v2.11.4 (*)
                  └── wry v0.55.1
                      └── tauri-runtime-wry v2.11.4 (*)
    ├ windows_i686_msvc v0.52.6
      └── windows-targets v0.52.6
          └── windows-sys v0.59.0
              ├── window-vibrancy v0.6.0
              │   └── tauri v2.11.5
              │       ├── muxsmith-gui v0.1.0
              │       ├── tauri-plugin-clipboard-manager v2.3.2
              │       │   └── muxsmith-gui v0.1.0 (*)
              │       ├── tauri-plugin-dialog v2.7.1
              │       │   └── muxsmith-gui v0.1.0 (*)
              │       ├── tauri-plugin-fs v2.5.1
              │       │   ├── muxsmith-gui v0.1.0 (*)
              │       │   └── tauri-plugin-dialog v2.7.1 (*)
              │       └── tauri-plugin-os v2.3.2
              │           └── muxsmith-gui v0.1.0 (*)
              └── winreg v0.55.0
                  └── embed-resource v3.0.11
                      └── tauri-winres v0.3.6
                          └── tauri-build v2.6.3
                              ├── (build) muxsmith-gui v0.1.0 (*)
                              └── (build) tauri v2.11.5 (*)
    ├ windows_i686_msvc v0.53.1
      └── windows-targets v0.53.5
          └── windows-sys v0.60.2
              ├── arboard v3.6.1
              │   └── tauri-plugin-clipboard-manager v2.3.2
              │       └── muxsmith-gui v0.1.0
              └── rfd v0.16.0
                  └── tauri-plugin-dialog v2.7.1
                      └── muxsmith-gui v0.1.0 (*)

warning[duplicate]: found 3 duplicate entries for crate 'windows_x86_64_gnu'
    ┌─ /home/senol/Git/Muxsmith/Cargo.lock:481:1
    │  
481 │ ╭ windows_x86_64_gnu 0.42.2 registry+https://github.com/rust-lang/crates.io-index
482 │ │ windows_x86_64_gnu 0.52.6 registry+https://github.com/rust-lang/crates.io-index
483 │ │ windows_x86_64_gnu 0.53.1 registry+https://github.com/rust-lang/crates.io-index
    │ ╰───────────────────────────────────────────────────────────────────────────────┘ lock entries
    │  
    ├ windows_x86_64_gnu v0.42.2
      └── windows-targets v0.42.2
          └── windows-sys v0.45.0
              └── jni v0.21.1
                  ├── tao v0.35.3
                  │   └── tauri-runtime-wry v2.11.4
                  │       └── tauri v2.11.5
                  │           ├── muxsmith-gui v0.1.0
                  │           ├── tauri-plugin-clipboard-manager v2.3.2
                  │           │   └── muxsmith-gui v0.1.0 (*)
                  │           ├── tauri-plugin-dialog v2.7.1
                  │           │   └── muxsmith-gui v0.1.0 (*)
                  │           ├── tauri-plugin-fs v2.5.1
                  │           │   ├── muxsmith-gui v0.1.0 (*)
                  │           │   └── tauri-plugin-dialog v2.7.1 (*)
                  │           └── tauri-plugin-os v2.3.2
                  │               └── muxsmith-gui v0.1.0 (*)
                  ├── tauri v2.11.5 (*)
                  ├── tauri-runtime v2.11.3
                  │   ├── tauri v2.11.5 (*)
                  │   └── tauri-runtime-wry v2.11.4 (*)
                  ├── tauri-runtime-wry v2.11.4 (*)
                  └── wry v0.55.1
                      └── tauri-runtime-wry v2.11.4 (*)
    ├ windows_x86_64_gnu v0.52.6
      └── windows-targets v0.52.6
          └── windows-sys v0.59.0
              ├── window-vibrancy v0.6.0
              │   └── tauri v2.11.5
              │       ├── muxsmith-gui v0.1.0
              │       ├── tauri-plugin-clipboard-manager v2.3.2
              │       │   └── muxsmith-gui v0.1.0 (*)
              │       ├── tauri-plugin-dialog v2.7.1
              │       │   └── muxsmith-gui v0.1.0 (*)
              │       ├── tauri-plugin-fs v2.5.1
              │       │   ├── muxsmith-gui v0.1.0 (*)
              │       │   └── tauri-plugin-dialog v2.7.1 (*)
              │       └── tauri-plugin-os v2.3.2
              │           └── muxsmith-gui v0.1.0 (*)
              └── winreg v0.55.0
                  └── embed-resource v3.0.11
                      └── tauri-winres v0.3.6
                          └── tauri-build v2.6.3
                              ├── (build) muxsmith-gui v0.1.0 (*)
                              └── (build) tauri v2.11.5 (*)
    ├ windows_x86_64_gnu v0.53.1
      └── windows-targets v0.53.5
          └── windows-sys v0.60.2
              ├── arboard v3.6.1
              │   └── tauri-plugin-clipboard-manager v2.3.2
              │       └── muxsmith-gui v0.1.0
              └── rfd v0.16.0
                  └── tauri-plugin-dialog v2.7.1
                      └── muxsmith-gui v0.1.0 (*)

warning[duplicate]: found 3 duplicate entries for crate 'windows_x86_64_gnullvm'
    ┌─ /home/senol/Git/Muxsmith/Cargo.lock:484:1
    │  
484 │ ╭ windows_x86_64_gnullvm 0.42.2 registry+https://github.com/rust-lang/crates.io-index
485 │ │ windows_x86_64_gnullvm 0.52.6 registry+https://github.com/rust-lang/crates.io-index
486 │ │ windows_x86_64_gnullvm 0.53.1 registry+https://github.com/rust-lang/crates.io-index
    │ ╰───────────────────────────────────────────────────────────────────────────────────┘ lock entries
    │  
    ├ windows_x86_64_gnullvm v0.42.2
      └── windows-targets v0.42.2
          └── windows-sys v0.45.0
              └── jni v0.21.1
                  ├── tao v0.35.3
                  │   └── tauri-runtime-wry v2.11.4
                  │       └── tauri v2.11.5
                  │           ├── muxsmith-gui v0.1.0
                  │           ├── tauri-plugin-clipboard-manager v2.3.2
                  │           │   └── muxsmith-gui v0.1.0 (*)
                  │           ├── tauri-plugin-dialog v2.7.1
                  │           │   └── muxsmith-gui v0.1.0 (*)
                  │           ├── tauri-plugin-fs v2.5.1
                  │           │   ├── muxsmith-gui v0.1.0 (*)
                  │           │   └── tauri-plugin-dialog v2.7.1 (*)
                  │           └── tauri-plugin-os v2.3.2
                  │               └── muxsmith-gui v0.1.0 (*)
                  ├── tauri v2.11.5 (*)
                  ├── tauri-runtime v2.11.3
                  │   ├── tauri v2.11.5 (*)
                  │   └── tauri-runtime-wry v2.11.4 (*)
                  ├── tauri-runtime-wry v2.11.4 (*)
                  └── wry v0.55.1
                      └── tauri-runtime-wry v2.11.4 (*)
    ├ windows_x86_64_gnullvm v0.52.6
      └── windows-targets v0.52.6
          └── windows-sys v0.59.0
              ├── window-vibrancy v0.6.0
              │   └── tauri v2.11.5
              │       ├── muxsmith-gui v0.1.0
              │       ├── tauri-plugin-clipboard-manager v2.3.2
              │       │   └── muxsmith-gui v0.1.0 (*)
              │       ├── tauri-plugin-dialog v2.7.1
              │       │   └── muxsmith-gui v0.1.0 (*)
              │       ├── tauri-plugin-fs v2.5.1
              │       │   ├── muxsmith-gui v0.1.0 (*)
              │       │   └── tauri-plugin-dialog v2.7.1 (*)
              │       └── tauri-plugin-os v2.3.2
              │           └── muxsmith-gui v0.1.0 (*)
              └── winreg v0.55.0
                  └── embed-resource v3.0.11
                      └── tauri-winres v0.3.6
                          └── tauri-build v2.6.3
                              ├── (build) muxsmith-gui v0.1.0 (*)
                              └── (build) tauri v2.11.5 (*)
    ├ windows_x86_64_gnullvm v0.53.1
      └── windows-targets v0.53.5
          └── windows-sys v0.60.2
              ├── arboard v3.6.1
              │   └── tauri-plugin-clipboard-manager v2.3.2
              │       └── muxsmith-gui v0.1.0
              └── rfd v0.16.0
                  └── tauri-plugin-dialog v2.7.1
                      └── muxsmith-gui v0.1.0 (*)

warning[duplicate]: found 3 duplicate entries for crate 'windows_x86_64_msvc'
    ┌─ /home/senol/Git/Muxsmith/Cargo.lock:487:1
    │  
487 │ ╭ windows_x86_64_msvc 0.42.2 registry+https://github.com/rust-lang/crates.io-index
488 │ │ windows_x86_64_msvc 0.52.6 registry+https://github.com/rust-lang/crates.io-index
489 │ │ windows_x86_64_msvc 0.53.1 registry+https://github.com/rust-lang/crates.io-index
    │ ╰────────────────────────────────────────────────────────────────────────────────┘ lock entries
    │  
    ├ windows_x86_64_msvc v0.42.2
      └── windows-targets v0.42.2
          └── windows-sys v0.45.0
              └── jni v0.21.1
                  ├── tao v0.35.3
                  │   └── tauri-runtime-wry v2.11.4
                  │       └── tauri v2.11.5
                  │           ├── muxsmith-gui v0.1.0
                  │           ├── tauri-plugin-clipboard-manager v2.3.2
                  │           │   └── muxsmith-gui v0.1.0 (*)
                  │           ├── tauri-plugin-dialog v2.7.1
                  │           │   └── muxsmith-gui v0.1.0 (*)
                  │           ├── tauri-plugin-fs v2.5.1
                  │           │   ├── muxsmith-gui v0.1.0 (*)
                  │           │   └── tauri-plugin-dialog v2.7.1 (*)
                  │           └── tauri-plugin-os v2.3.2
                  │               └── muxsmith-gui v0.1.0 (*)
                  ├── tauri v2.11.5 (*)
                  ├── tauri-runtime v2.11.3
                  │   ├── tauri v2.11.5 (*)
                  │   └── tauri-runtime-wry v2.11.4 (*)
                  ├── tauri-runtime-wry v2.11.4 (*)
                  └── wry v0.55.1
                      └── tauri-runtime-wry v2.11.4 (*)
    ├ windows_x86_64_msvc v0.52.6
      └── windows-targets v0.52.6
          └── windows-sys v0.59.0
              ├── window-vibrancy v0.6.0
              │   └── tauri v2.11.5
              │       ├── muxsmith-gui v0.1.0
              │       ├── tauri-plugin-clipboard-manager v2.3.2
              │       │   └── muxsmith-gui v0.1.0 (*)
              │       ├── tauri-plugin-dialog v2.7.1
              │       │   └── muxsmith-gui v0.1.0 (*)
              │       ├── tauri-plugin-fs v2.5.1
              │       │   ├── muxsmith-gui v0.1.0 (*)
              │       │   └── tauri-plugin-dialog v2.7.1 (*)
              │       └── tauri-plugin-os v2.3.2
              │           └── muxsmith-gui v0.1.0 (*)
              └── winreg v0.55.0
                  └── embed-resource v3.0.11
                      └── tauri-winres v0.3.6
                          └── tauri-build v2.6.3
                              ├── (build) muxsmith-gui v0.1.0 (*)
                              └── (build) tauri v2.11.5 (*)
    ├ windows_x86_64_msvc v0.53.1
      └── windows-targets v0.53.5
          └── windows-sys v0.60.2
              ├── arboard v3.6.1
              │   └── tauri-plugin-clipboard-manager v2.3.2
              │       └── muxsmith-gui v0.1.0
              └── rfd v0.16.0
                  └── tauri-plugin-dialog v2.7.1
                      └── muxsmith-gui v0.1.0 (*)

warning[duplicate]: found 3 duplicate entries for crate 'winnow'
    ┌─ /home/senol/Git/Muxsmith/Cargo.lock:490:1
    │  
490 │ ╭ winnow 0.5.40 registry+https://github.com/rust-lang/crates.io-index
491 │ │ winnow 0.7.15 registry+https://github.com/rust-lang/crates.io-index
492 │ │ winnow 1.0.3 registry+https://github.com/rust-lang/crates.io-index
    │ ╰──────────────────────────────────────────────────────────────────┘ lock entries
    │  
    ├ winnow v0.5.40
      ├── toml_edit v0.19.15
      │   └── proc-macro-crate v1.3.1
      │       └── gtk3-macros v0.18.2
      │           └── gtk v0.18.2
      │               ├── muda v0.19.3
      │               │   └── tauri v2.11.5
      │               │       ├── muxsmith-gui v0.1.0
      │               │       ├── tauri-plugin-clipboard-manager v2.3.2
      │               │       │   └── muxsmith-gui v0.1.0 (*)
      │               │       ├── tauri-plugin-dialog v2.7.1
      │               │       │   └── muxsmith-gui v0.1.0 (*)
      │               │       ├── tauri-plugin-fs v2.5.1
      │               │       │   ├── muxsmith-gui v0.1.0 (*)
      │               │       │   └── tauri-plugin-dialog v2.7.1 (*)
      │               │       └── tauri-plugin-os v2.3.2
      │               │           └── muxsmith-gui v0.1.0 (*)
      │               ├── tao v0.35.3
      │               │   └── tauri-runtime-wry v2.11.4
      │               │       └── tauri v2.11.5 (*)
      │               ├── tauri v2.11.5 (*)
      │               ├── tauri-runtime v2.11.3
      │               │   ├── tauri v2.11.5 (*)
      │               │   └── tauri-runtime-wry v2.11.4 (*)
      │               ├── tauri-runtime-wry v2.11.4 (*)
      │               ├── webkit2gtk v2.0.2
      │               │   ├── tauri v2.11.5 (*)
      │               │   ├── tauri-runtime v2.11.3 (*)
      │               │   ├── tauri-runtime-wry v2.11.4 (*)
      │               │   └── wry v0.55.1
      │               │       └── tauri-runtime-wry v2.11.4 (*)
      │               └── wry v0.55.1 (*)
      └── toml_edit v0.20.2
          ├── proc-macro-crate v2.0.2
          │   └── glib-macros v0.18.5
          │       └── glib v0.18.5
          │           ├── atk v0.18.2
          │           │   └── gtk v0.18.2 (*)
          │           ├── cairo-rs v0.18.5
          │           │   ├── gdk v0.18.2
          │           │   │   ├── gdkx11 v0.18.2
          │           │   │   │   └── wry v0.55.1 (*)
          │           │   │   ├── gtk v0.18.2 (*)
          │           │   │   └── webkit2gtk v2.0.2 (*)
          │           │   ├── gtk v0.18.2 (*)
          │           │   └── webkit2gtk v2.0.2 (*)
          │           ├── gdk v0.18.2 (*)
          │           ├── gdk-pixbuf v0.18.5
          │           │   ├── gdk v0.18.2 (*)
          │           │   └── gtk v0.18.2 (*)
          │           ├── gdkx11 v0.18.2 (*)
          │           ├── gio v0.18.4
          │           │   ├── gdk v0.18.2 (*)
          │           │   ├── gdk-pixbuf v0.18.5 (*)
          │           │   ├── gdkx11 v0.18.2 (*)
          │           │   ├── gtk v0.18.2 (*)
          │           │   ├── pango v0.18.3
          │           │   │   ├── gdk v0.18.2 (*)
          │           │   │   └── gtk v0.18.2 (*)
          │           │   ├── soup3 v0.5.0
          │           │   │   ├── webkit2gtk v2.0.2 (*)
          │           │   │   └── wry v0.55.1 (*)
          │           │   └── webkit2gtk v2.0.2 (*)
          │           ├── gtk v0.18.2 (*)
          │           ├── javascriptcore-rs v1.1.2
          │           │   ├── webkit2gtk v2.0.2 (*)
          │           │   └── wry v0.55.1 (*)
          │           ├── pango v0.18.3 (*)
          │           ├── soup3 v0.5.0 (*)
          │           └── webkit2gtk v2.0.2 (*)
          └── toml v0.8.2
              └── system-deps v6.2.2
                  ├── (build) atk-sys v0.18.2
                  │   ├── atk v0.18.2 (*)
                  │   └── gtk-sys v0.18.2
                  │       ├── gtk v0.18.2 (*)
                  │       ├── rfd v0.16.0
                  │       │   └── tauri-plugin-dialog v2.7.1 (*)
                  │       ├── webkit2gtk v2.0.2 (*)
                  │       └── webkit2gtk-sys v2.0.2
                  │           ├── webkit2gtk v2.0.2 (*)
                  │           └── wry v0.55.1 (*)
                  ├── (build) cairo-sys-rs v0.18.2
                  │   ├── cairo-rs v0.18.5 (*)
                  │   ├── gdk-sys v0.18.2
                  │   │   ├── gdk v0.18.2 (*)
                  │   │   ├── gdkwayland-sys v0.18.2
                  │   │   │   └── tao v0.35.3 (*)
                  │   │   ├── gdkx11-sys v0.18.2
                  │   │   │   ├── gdkx11 v0.18.2 (*)
                  │   │   │   └── tao v0.35.3 (*)
                  │   │   ├── gtk-sys v0.18.2 (*)
                  │   │   ├── webkit2gtk v2.0.2 (*)
                  │   │   └── webkit2gtk-sys v2.0.2 (*)
                  │   ├── gtk-sys v0.18.2 (*)
                  │   └── webkit2gtk-sys v2.0.2 (*)
                  ├── (build) gdk-pixbuf-sys v0.18.0
                  │   ├── gdk-pixbuf v0.18.5 (*)
                  │   ├── gdk-sys v0.18.2 (*)
                  │   └── gtk-sys v0.18.2 (*)
                  ├── (build) gdk-sys v0.18.2 (*)
                  ├── (build) gdkwayland-sys v0.18.2 (*)
                  ├── (build) gdkx11-sys v0.18.2 (*)
                  ├── (build) gio-sys v0.18.1
                  │   ├── gdk-pixbuf-sys v0.18.0 (*)
                  │   ├── gdk-sys v0.18.2 (*)
                  │   ├── gio v0.18.4 (*)
                  │   ├── glib v0.18.5 (*)
                  │   ├── gtk-sys v0.18.2 (*)
                  │   ├── soup3-sys v0.5.0
                  │   │   ├── soup3 v0.5.0 (*)
                  │   │   └── webkit2gtk-sys v2.0.2 (*)
                  │   ├── webkit2gtk v2.0.2 (*)
                  │   └── webkit2gtk-sys v2.0.2 (*)
                  ├── (build) glib-sys v0.18.1
                  │   ├── atk-sys v0.18.2 (*)
                  │   ├── cairo-sys-rs v0.18.2 (*)
                  │   ├── gdk-pixbuf-sys v0.18.0 (*)
                  │   ├── gdk-sys v0.18.2 (*)
                  │   ├── gdkwayland-sys v0.18.2 (*)
                  │   ├── gdkx11-sys v0.18.2 (*)
                  │   ├── gio-sys v0.18.1 (*)
                  │   ├── glib v0.18.5 (*)
                  │   ├── gobject-sys v0.18.0
                  │   │   ├── atk-sys v0.18.2 (*)
                  │   │   ├── gdk-pixbuf-sys v0.18.0 (*)
                  │   │   ├── gdk-sys v0.18.2 (*)
                  │   │   ├── gdkwayland-sys v0.18.2 (*)
                  │   │   ├── gio-sys v0.18.1 (*)
                  │   │   ├── glib v0.18.5 (*)
                  │   │   ├── gtk-sys v0.18.2 (*)
                  │   │   ├── javascriptcore-rs-sys v1.1.1
                  │   │   │   ├── javascriptcore-rs v1.1.2 (*)
                  │   │   │   └── webkit2gtk-sys v2.0.2 (*)
                  │   │   ├── pango-sys v0.18.0
                  │   │   │   ├── gdk-sys v0.18.2 (*)
                  │   │   │   ├── gtk-sys v0.18.2 (*)
                  │   │   │   └── pango v0.18.3 (*)
                  │   │   ├── rfd v0.16.0 (*)
                  │   │   ├── soup3-sys v0.5.0 (*)
                  │   │   ├── webkit2gtk v2.0.2 (*)
                  │   │   └── webkit2gtk-sys v2.0.2 (*)
                  │   ├── gtk-sys v0.18.2 (*)
                  │   ├── javascriptcore-rs-sys v1.1.1 (*)
                  │   ├── pango-sys v0.18.0 (*)
                  │   ├── rfd v0.16.0 (*)
                  │   ├── soup3-sys v0.5.0 (*)
                  │   ├── webkit2gtk v2.0.2 (*)
                  │   └── webkit2gtk-sys v2.0.2 (*)
                  ├── (build) gobject-sys v0.18.0 (*)
                  ├── (build) gtk-sys v0.18.2 (*)
                  ├── (build) javascriptcore-rs-sys v1.1.1 (*)
                  ├── (build) pango-sys v0.18.0 (*)
                  ├── (build) soup3-sys v0.5.0 (*)
                  └── (build) webkit2gtk-sys v2.0.2 (*)
    ├ winnow v0.7.15
      └── toml v0.9.12+spec-1.1.0
          └── cargo_toml v0.22.3
              └── tauri-build v2.6.3
                  ├── (build) muxsmith-gui v0.1.0
                  └── (build) tauri v2.11.5
                      ├── muxsmith-gui v0.1.0 (*)
                      ├── tauri-plugin-clipboard-manager v2.3.2
                      │   └── muxsmith-gui v0.1.0 (*)
                      ├── tauri-plugin-dialog v2.7.1
                      │   └── muxsmith-gui v0.1.0 (*)
                      ├── tauri-plugin-fs v2.5.1
                      │   ├── muxsmith-gui v0.1.0 (*)
                      │   └── tauri-plugin-dialog v2.7.1 (*)
                      └── tauri-plugin-os v2.3.2
                          └── muxsmith-gui v0.1.0 (*)
    ├ winnow v1.0.3
      ├── toml v1.1.2+spec-1.1.0
      │   ├── embed-resource v3.0.11
      │   │   └── tauri-winres v0.3.6
      │   │       └── tauri-build v2.6.3
      │   │           ├── (build) muxsmith-gui v0.1.0
      │   │           └── (build) tauri v2.11.5
      │   │               ├── muxsmith-gui v0.1.0 (*)
      │   │               ├── tauri-plugin-clipboard-manager v2.3.2
      │   │               │   └── muxsmith-gui v0.1.0 (*)
      │   │               ├── tauri-plugin-dialog v2.7.1
      │   │               │   └── muxsmith-gui v0.1.0 (*)
      │   │               ├── tauri-plugin-fs v2.5.1
      │   │               │   ├── muxsmith-gui v0.1.0 (*)
      │   │               │   └── tauri-plugin-dialog v2.7.1 (*)
      │   │               └── tauri-plugin-os v2.3.2
      │   │                   └── muxsmith-gui v0.1.0 (*)
      │   ├── (build) tauri-plugin-fs v2.5.1 (*)
      │   ├── tauri-utils v2.9.3
      │   │   ├── tauri v2.11.5 (*)
      │   │   ├── tauri-build v2.6.3 (*)
      │   │   ├── tauri-codegen v2.6.3
      │   │   │   └── tauri-macros v2.6.3
      │   │   │       └── tauri v2.11.5 (*)
      │   │   ├── tauri-macros v2.6.3 (*)
      │   │   ├── tauri-plugin v2.6.3
      │   │   │   ├── (build) tauri-plugin-clipboard-manager v2.3.2 (*)
      │   │   │   ├── (build) tauri-plugin-dialog v2.7.1 (*)
      │   │   │   ├── (build) tauri-plugin-fs v2.5.1 (*)
      │   │   │   └── (build) tauri-plugin-os v2.3.2 (*)
      │   │   ├── (build) tauri-plugin-fs v2.5.1 (*)
      │   │   ├── tauri-runtime v2.11.3
      │   │   │   ├── tauri v2.11.5 (*)
      │   │   │   └── tauri-runtime-wry v2.11.4
      │   │   │       └── tauri v2.11.5 (*)
      │   │   └── tauri-runtime-wry v2.11.4 (*)
      │   └── tauri-winres v0.3.6 (*)
      ├── toml_edit v0.25.12+spec-1.1.0
      │   └── proc-macro-crate v3.5.0
      │       └── num_enum_derive v0.7.6
      │           └── num_enum v0.7.6
      │               └── ndk v0.9.0
      │                   ├── softbuffer v0.4.8
      │                   │   └── tauri-runtime-wry v2.11.4 (*)
      │                   ├── tao v0.35.3
      │                   │   └── tauri-runtime-wry v2.11.4 (*)
      │                   └── wry v0.55.1
      │                       └── tauri-runtime-wry v2.11.4 (*)
      └── toml_parser v1.1.2+spec-1.1.0
          ├── toml v0.9.12+spec-1.1.0
          │   └── cargo_toml v0.22.3
          │       └── tauri-build v2.6.3 (*)
          ├── toml v1.1.2+spec-1.1.0 (*)
          └── toml_edit v0.25.12+spec-1.1.0 (*)

advisories ok, bans ok, licenses ok, sources ok
$ eslint .
$ vue-tsc --noEmit && vite build
vite v8.1.4 building client environment for production...
[2Ktransforming...✓ 165 modules transformed.
rendering chunks...
computing gzip size...
dist/index.html                   0.39 kB │ gzip:   0.26 kB
dist/assets/index-DGn2eD1R.css    1.31 kB │ gzip:   0.49 kB
dist/assets/index-BecdtPm3.js   324.96 kB │ gzip: 105.60 kB

✓ built in 153ms
$ node scripts/check-i18n.mjs
check-i18n: ok (41 source files scanned, 211 catalog ids, 19 IpcError code(s) gated, 22 help id(s) x 2 help locale(s), 0 unused warning(s), 1 other locale(s) checked for parity against 7 en/ catalog(s)).
$ tsc --noEmit -p e2e/tsconfig.json && vite build --config e2e/vite.harness.config.ts && vite build --config e2e/vite.mount.config.ts && playwright test
vite v8.1.4 building client environment for production...
[2Ktransforming...✓ 6 modules transformed.
rendering chunks...
computing gzip size...
e2e/.generated/tauri-mock-harness.js  10.95 kB │ gzip: 3.64 kB

✓ built in 8ms
vite v8.1.4 building client environment for production...
[2Ktransforming...✓ 130 modules transformed.
rendering chunks...
computing gzip size...
e2e/.generated/muxsmith-gui.css    0.35 kB │ gzip:   0.19 kB
e2e/.generated/mount-harness.js  488.51 kB │ gzip: 126.94 kB

✓ built in 117ms

Running 62 tests using 16 workers

  ✓   6 [chromium] › e2e/catalogs.spec.ts:12:1 › all Fluent catalogs parse cleanly (2ms)
  ✓   4 [chromium] › e2e/editor-dropdowns.spec.ts:117:1 › selecting a domain member writes the string value exactly as the text cell does (175ms)
  ✓   9 [chromium] › e2e/editor-dropdowns.spec.ts:103:1 › case 7: a substring (values:string) cell is outside the decree and stays a text input (161ms)
  ✓   5 [chromium] › e2e/editor-dropdowns.spec.ts:96:1 › case 6: the same type row outside a track context (attachment path) stays a text input (179ms)
  ✓   7 [chromium] › e2e/editor-dropdowns.spec.ts:88:1 › case 5: an out-of-domain type value stays a text input with the value intact (never eaten) (171ms)
  ✓   2 [chromium] › e2e/editor-dropdowns.spec.ts:80:1 › case 4: a raw:type key keeps its free-text cell (byte equality; raw: bypass preserved) (179ms)
  ✓   3 [chromium] › e2e/editor-dropdowns.spec.ts:127:1 › correcting an out-of-domain value to a domain member re-resolves the cell to a select (197ms)
  ✓   8 [chromium] › e2e/editor-dropdowns.spec.ts:110:1 › case 8: a changes (settable) cell is unchanged (settables carry no type/codec_kind) (191ms)
  ✓   1 [chromium] › e2e/editor-dropdowns.spec.ts:49:1 › case 1: fresh type row on a track exact-match cell renders a select with the 4 domain options plus an empty placeholder (218ms)
  ✓  16 [chromium] › e2e/editor-dropdowns.spec.ts:61:1 › case 2: an in-domain type value renders a select with that value selected and no placeholder (175ms)
  ✓  15 [chromium] › e2e/editor-dropdowns.spec.ts:71:1 › case 3: a fresh codec_kind row renders a select with all 17 alias options plus a placeholder (180ms)
  ✓  14 [chromium] › e2e/editor-rule-add-remove.spec.ts:145:3 › editor rule add/remove (D65-D70, D72) › Remove is disabled without a selection and enabled once a row is selected (242ms)
  ✓  12 [chromium] › e2e/editor-rule-add-remove.spec.ts:127:3 › editor rule add/remove (D65-D70, D72) › Add auto-selects the new rule and opens its detail panel (260ms)
  ✓  11 [chromium] › e2e/editor-rule-add-remove.spec.ts:97:3 › editor rule add/remove (D65-D70, D72) › Add appends the empty skeleton as a new last row, in the DOM and in the held model (297ms)
  ✓  10 [chromium] › e2e/editor-rule-add-remove.spec.ts:157:3 › editor rule add/remove (D65-D70, D72) › Remove deletes the selected rule and clears the selection (314ms)
  ✓  13 [chromium] › e2e/editor-rule-add-remove.spec.ts:180:3 › editor rule add/remove (D65-D70, D72) › Remove works down to zero rules and Add recovers from zero in one click (349ms)
  ✓  23 [chromium] › e2e/help-mode.spec.ts:177:3 › help mode (D52) › with the settings dialog open, Escape closes the dialog and help mode stays active (232ms)
  ✓  31 [chromium] › e2e/help-topics.spec.ts:7:1 › topicHtml renders locale topic, falls back per topic to en, then to the raw id (138ms)
  ✓  20 [chromium] › e2e/editor-rule-add-remove.spec.ts:210:3 › editor rule add/remove (D65-D70, D72) › Add wires the skeleton onto the wire and core's empty-match warning lands in the open panel and the diagnostics list, Save stays enabled (300ms)
  ✓  19 [chromium] › e2e/editor-rule-add-remove.spec.ts:320:3 › editor rule add/remove (D65-D70, D72) › Removing the last rule under tracks.unmatched keep surfaces the passthrough info at the caption and leaves Save enabled (314ms)
  ✓  18 [chromium] › e2e/editor-rule-add-remove.spec.ts:278:3 › editor rule add/remove (D65-D70, D72) › Removing the last rule under tracks.unmatched drop surfaces the no-track-rules error at the caption and disables Save (317ms)
  ✓  22 [chromium] › e2e/help-mode.spec.ts:131:3 › help mode (D52) › toggle opens the sidebar on the active view's topic; the nav stays live and swaps it; a click in <main> is suppressed; Esc exits (375ms)
  ✓  32 [chromium] › e2e/locale-switch.spec.ts:74:3 › live locale switch (D56) › selecting German in settings swaps the catalog in place: no reload, view state survives, html lang follows (249ms)
  ✓  26 [chromium] › e2e/help-mode.spec.ts:413:3 › help mode annotations (D54) › keyboard: focusin swaps the topic (focusin equivalence); Enter on a focused annotated element pins it (394ms)
  ✓  24 [chromium] › e2e/help-mode.spec.ts:221:3 › help mode (D52) › the rule-grid Add button mutates outside help mode; both activation channels are suppressed inside it (440ms)
  ✓  29 [chromium] › e2e/help-mode.spec.ts:486:3 › help mode annotations (D54) › Editor: hovering the pattern field's widget shows its topic (dispatcher helpId fallthrough) (336ms)
  ✓  30 [chromium] › e2e/help-mode.spec.ts:533:3 › help mode drag suppression (I1) › a drag-reorder mutates the rule grid outside help mode but is suppressed inside it (327ms)
  ✓  27 [chromium] › e2e/help-mode.spec.ts:446:3 › help mode annotations (D54) › switching views clears the pin; the newly active view's topic then shows (428ms)
  ✓  28 [chromium] › e2e/help-mode.spec.ts:464:3 › help mode annotations (D54) › a view switch instantly clears a hover topic: hover the card, switch via nav without re-entering <main>, the new view's topic shows immediately (D52 round-6) (396ms)
  ✓  25 [chromium] › e2e/help-mode.spec.ts:377:3 › help mode annotations (D54) › Batch: the suggestion card hover swaps the sidebar topic; an unannotated hover falls to the view topic (unpinned) but holds the pin (pinned); apply inside the card is suppressed (523ms)
  ✓  38 [chromium] › e2e/smoke.spec.ts:640:3 › german locale › a de-AT-locale settings value normalizes to the German catalog, not the en fallback (163ms)
  ✓  41 [chromium] › e2e/smoke.spec.ts:759:3 › editor widgets: mount-harness rendering › text widget (single-line) renders a textbox and edits update the held model (148ms)
  ✓  40 [chromium] › e2e/smoke.spec.ts:748:3 › editor widgets: mount-harness rendering › the widget dispatcher renders the widget matching a field's kind (165ms)
  ✓  42 [chromium] › e2e/smoke.spec.ts:770:3 › editor widgets: mount-harness rendering › text widget (multiline) renders a textbox for a multiline field (151ms)
  ✓  43 [chromium] › e2e/smoke.spec.ts:786:3 › editor widgets: mount-harness rendering › bool widget renders a checkbox and toggling updates the held model (165ms)
  ✓  45 [chromium] › e2e/smoke.spec.ts:812:3 › editor widgets: mount-harness rendering › select widget renders a combobox of its raw (untranslated) domain tokens (147ms)
  ✓  46 [chromium] › e2e/smoke.spec.ts:847:3 › editor widgets: mount-harness rendering › directoryPath widget renders a plain path textbox (text-entry only; directory picker out of scope for Plan 6, D45 widgets are prop-fed/zero-IPC) (129ms)
  ✓  44 [chromium] › e2e/smoke.spec.ts:797:3 › editor widgets: mount-harness rendering › optionalFlag widget's off state is absence, not false (validate.rs rejects Some(false)) (186ms)
  ✓  47 [chromium] › e2e/smoke.spec.ts:826:3 › editor widgets: mount-harness rendering › keywordOrBlock widget offers its keyword tokens in a combobox plus a nested block section (147ms)
  ✓  39 [chromium] › e2e/smoke.spec.ts:688:3 › german locale › selecting German in the settings dialog saves it, and it renders the German catalog on the next start (301ms)
  ✓  48 [chromium] › e2e/smoke.spec.ts:858:3 › editor widgets: mount-harness rendering › stringList widget round-trips a comma-separated list of strings (139ms)
  ✓  51 [chromium] › e2e/smoke.spec.ts:903:3 › editor widgets: mount-harness rendering › section widget renders a fieldset/legend group of its sub-fields, created implicitly on first edit (147ms)
  ✓  50 [chromium] › e2e/smoke.spec.ts:887:3 › editor widgets: mount-harness rendering › list widget: add/remove nested items (matchExpr.any, item: matchExpr) (192ms)
  ✓  33 [chromium] › e2e/smoke.spec.ts:98:3 › first-run gate › detect failure shows guidance; a manual path recovers it (581ms)
  ✓  49 [chromium] › e2e/smoke.spec.ts:869:3 › editor widgets: mount-harness rendering › propertyMap widget: add/remove rows edit a key-value map (236ms)
  ✓  52 [chromium] › e2e/smoke.spec.ts:938:3 › editor view: rule grid + drag-reorder (Task 11, D45) › renders tracks.rules in order; a drag-reorder swaps the rows and updates the held model (204ms)
  ✓  53 [chromium] › e2e/smoke.spec.ts:993:3 › editor view: section composition and typed value cells (Task 12, D45) › EditorView composes every profile section from the registries, dispatching each field to its widget (188ms)
  ✓  54 [chromium] › e2e/smoke.spec.ts:1055:3 › editor view: section composition and typed value cells (Task 12, D45) › propertyMap typed value cells: the settable Boolean/String anti-vacuity round trip (Ruling 2) (195ms)
  ✓  35 [chromium] › e2e/smoke.spec.ts:307:3 › batch view: dry run › diagnostics summary and suggestions-capped pluralize their counts (1 error singular, 2 warnings plural, 1 dropped suggestion singular) (663ms)
  ✓  59 [chromium] › e2e/smoke.spec.ts:1406:3 › editor view: recent profiles (Task 13c, spec 8.2 / recents routing) › the pre-Open surface renders a seeded recent profile (151ms)
  ✓  60 [chromium] › e2e/smoke.spec.ts:1428:3 › editor view: recent profiles (Task 13c, spec 8.2 / recents routing) › the paired absence control: an empty recents memory renders no recent-profile buttons (150ms)
  ✓  55 [chromium] › e2e/smoke.spec.ts:1075:3 › editor view: section composition and typed value cells (Task 12, D45) › propertyMap typed value cells: the matchable Boolean/Float/Integer anti-vacuity round trip (Ruling 2) (286ms)
  ✓  36 [chromium] › e2e/smoke.spec.ts:406:3 › batch view: dry run › a suggestion card's apply button drives load_profile -> apply_suggestion -> save_profile, config_path/edit unmodified and never confused with the profile path; a no-fix diagnostic renders no apply button (706ms)
  ✓  34 [chromium] › e2e/smoke.spec.ts:199:3 › batch view: dry run › dry-run document renders the resolution table + diagnostics; suggestion copy hits the clipboard mock (734ms)
  ✓  58 [chromium] › e2e/smoke.spec.ts:1329:3 › editor view: rule detail editor (Task 13b, D45 / spec 8.2) › no selection renders no panel; selecting a row opens it with the four trackRule fields; editing optional writes a real boolean and the grid summary follows (anti-vacuity) (241ms)
  ✓  61 [chromium] › e2e/smoke.spec.ts:1445:3 › editor view: recent profiles (Task 13c, spec 8.2 / recents routing) › clicking a recent opens through the same load_profile funnel as pick (184ms)
  ✓  37 [chromium] › e2e/smoke.spec.ts:491:3 › jobs view: live run › scripted job-events progress rows and fill the log; per-row cancel invokes cancel_job; run-finished announces the summary (742ms)
  ✓  62 [chromium] › e2e/smoke.spec.ts:1468:3 › editor view: recent profiles (Task 13c, spec 8.2 / recents routing) › opening a profile writes it to the front of the shared recents memory (echo, distinct values) (183ms)
  ✓  57 [chromium] › e2e/smoke.spec.ts:1266:3 › editor view: open/save (Task 13, D45/D41) › the editor tab stays mounted across a switch to Jobs and back (v-show, not v-if) (308ms)
  ✓  17 [chromium] › e2e/editor-markers.spec.ts:150:1 › field-anchored markers resolve by exact config_path; panel stays complete; worst-of severity; aria-invalid only on error form controls (1.8s)
  ✓  56 [chromium] › e2e/smoke.spec.ts:1180:3 › editor view: open/save (Task 13, D45/D41) › the nav opens the editor; opening a profile shows the save note; Save is disabled while an error diagnostic exists and enabled when clean; saving calls save_profile (1.2s)
  ✓  21 [chromium] › e2e/editor-tooltips.spec.ts:28:1 › every editable field renders its label message's .tooltip as title (2.1s)

  62 passed (2.8s)
GATE EXIT: 0
